id,source_id,business_type,waste_type,avg_daily_kg,date,kg
1,1,restaurant,food_organic,500,2026-06-11,495.6
2,1,restaurant,food_organic,500,2026-06-12,508.0
3,1,restaurant,food_organic,500,2026-06-13,616.4
4,1,restaurant,food_organic,500,2026-06-14,538.0
5,1,restaurant,food_organic,500,2026-06-15,518.7
6,1,restaurant,food_organic,500,2026-06-16,487.7
7,1,restaurant,food_organic,500,2026-06-17,531.0
8,1,restaurant,food_organic,500,2026-06-18,540.5
9,1,restaurant,food_organic,500,2026-06-19,457.6
10,1,restaurant,food_organic,500,2026-06-20,575.3
11,1,restaurant,food_organic,500,2026-06-21,571.0
12,1,restaurant,food_organic,500,2026-06-22,480.9
13,1,restaurant,food_organic,500,2026-06-23,431.4
14,1,restaurant,food_organic,500,2026-06-24,469.4
15,1,restaurant,food_organic,500,2026-06-25,452.8
16,1,restaurant,food_organic,500,2026-06-26,445.8
17,1,restaurant,food_organic,500,2026-06-27,489.7
18,1,restaurant,food_organic,500,2026-06-28,570.7
19,1,restaurant,food_organic,500,2026-06-29,428.5
20,1,restaurant,food_organic,500,2026-06-30,468.0
21,1,restaurant,food_organic,500,2026-07-01,455.0
22,1,restaurant,food_organic,500,2026-07-02,487.3
23,1,restaurant,food_organic,500,2026-07-03,447.3
24,1,restaurant,food_organic,500,2026-07-04,598.7
25,1,restaurant,food_organic,500,2026-07-05,518.3
26,1,restaurant,food_organic,500,2026-07-06,551.3
27,1,restaurant,food_organic,500,2026-07-07,474.6
28,1,restaurant,food_organic,500,2026-07-08,525.7
29,1,restaurant,food_organic,500,2026-07-09,480.1
30,1,restaurant,food_organic,500,2026-07-10,518.0
31,1,restaurant,food_organic,500,2026-07-11,570.1
32,1,restaurant,food_organic,500,2026-07-12,1987.8
33,1,restaurant,food_organic,500,2026-07-13,524.9
34,1,restaurant,food_organic,500,2026-07-14,556.7
35,1,restaurant,food_organic,500,2026-07-15,586.8
36,1,restaurant,food_organic,500,2026-07-16,550.9
37,1,restaurant,food_organic,500,2026-07-17,513.6
38,1,restaurant,food_organic,500,2026-07-18,597.7
39,1,restaurant,food_organic,500,2026-07-19,580.7
40,1,restaurant,food_organic,500,2026-07-20,480.2
41,1,restaurant,food_organic,500,2026-07-21,525.2
42,1,restaurant,food_organic,500,2026-07-22,495.2
43,1,restaurant,food_organic,500,2026-07-23,466.9
44,1,restaurant,food_organic,500,2026-07-24,457.8
45,1,restaurant,food_organic,500,2026-07-25,571.4
46,1,restaurant,food_organic,500,2026-07-26,577.6
47,1,restaurant,food_organic,500,2026-07-27,469.3
48,1,restaurant,food_organic,500,2026-07-28,502.9
49,1,restaurant,food_organic,500,2026-07-29,433.6
50,1,restaurant,food_organic,500,2026-07-30,493.6
51,1,restaurant,food_organic,500,2026-07-31,485.3
52,1,restaurant,food_organic,500,2026-08-01,540.9
53,1,restaurant,food_organic,500,2026-08-02,521.9
54,1,restaurant,food_organic,500,2026-08-03,447.1
55,1,restaurant,food_organic,500,2026-08-04,467.1
56,1,restaurant,food_organic,500,2026-08-05,484.7
57,1,restaurant,food_organic,500,2026-08-06,468.7
58,1,restaurant,food_organic,500,2026-08-07,476.5
59,1,restaurant,food_organic,500,2026-08-08,560.3
60,1,restaurant,food_organic,500,2026-08-09,606.2
61,1,restaurant,food_organic,500,2026-08-10,478.4
62,1,restaurant,food_organic,500,2026-08-11,498.7
63,1,restaurant,food_organic,500,2026-08-12,510.3
64,1,restaurant,food_organic,500,2026-08-13,459.1
65,1,restaurant,food_organic,500,2026-08-14,542.6
66,1,restaurant,food_organic,500,2026-08-15,602.8
67,1,restaurant,food_organic,500,2026-08-16,564.1
68,1,restaurant,food_organic,500,2026-08-18,510.4
69,1,restaurant,food_organic,500,2026-08-19,505.6
70,1,restaurant,food_organic,500,2026-08-20,491.3
71,1,restaurant,food_organic,500,2026-08-21,491.7
72,1,restaurant,food_organic,500,2026-08-22,574.5
73,1,restaurant,food_organic,500,2026-08-23,555.6
74,1,restaurant,food_organic,500,2026-08-24,585.6
75,1,restaurant,food_organic,500,2026-08-25,486.1
76,1,restaurant,food_organic,500,2026-08-26,404.5
77,1,restaurant,food_organic,500,2026-08-27,446.3
78,1,restaurant,food_organic,500,2026-08-28,460.5
79,1,restaurant,food_organic,500,2026-08-29,526.8
80,1,restaurant,food_organic,500,2026-08-30,566.9
81,1,restaurant,food_organic,500,2026-08-31,462.9
82,1,restaurant,food_organic,500,2026-09-01,526.4
83,1,restaurant,food_organic,500,2026-09-02,463.5
84,1,restaurant,food_organic,500,2026-09-03,452.8
85,1,restaurant,food_organic,500,2026-09-04,530.7
86,1,restaurant,food_organic,500,2026-09-05,522.7
87,1,restaurant,food_organic,500,2026-09-06,573.2
88,1,restaurant,food_organic,500,2026-09-07,449.9
89,1,restaurant,food_organic,500,2026-09-08,486.4
90,1,restaurant,food_organic,500,2026-09-09,434.4
91,1,restaurant,food_organic,500,2026-09-10,535.6
92,1,restaurant,food_organic,500,2026-09-11,431.6
93,1,restaurant,food_organic,500,2026-09-12,589.7
94,1,restaurant,food_organic,500,2026-09-13,596.2
95,1,restaurant,food_organic,500,2026-09-14,544.5
96,1,restaurant,food_organic,500,2026-09-15,540.3
97,1,restaurant,food_organic,500,2026-09-16,469.2
98,1,restaurant,food_organic,500,2026-09-17,525.0
99,1,restaurant,food_organic,500,2026-09-18,512.8
100,1,restaurant,food_organic,500,2026-09-19,622.2
101,1,restaurant,food_organic,500,2026-09-20,557.7
102,1,restaurant,food_organic,500,2026-09-21,441.0
103,1,restaurant,food_organic,500,2026-09-22,493.1
104,1,restaurant,food_organic,500,2026-09-23,426.2
105,1,restaurant,food_organic,500,2026-09-24,431.7
106,1,restaurant,food_organic,500,2026-09-25,470.2
107,1,restaurant,food_organic,500,2026-09-26,506.1
108,1,restaurant,food_organic,500,2026-09-27,545.8
109,1,restaurant,food_organic,500,2026-09-28,525.8
110,1,restaurant,food_organic,500,2026-09-29,451.8
111,1,restaurant,food_organic,500,2026-09-30,444.5
112,1,restaurant,food_organic,500,2026-10-01,550.1
113,1,restaurant,food_organic,500,2026-10-02,537.0
114,1,restaurant,food_organic,500,2026-10-03,627.3
115,1,restaurant,food_organic,500,2026-10-04,572.5
116,1,restaurant,food_organic,500,2026-10-05,530.1
117,1,restaurant,food_organic,500,2026-10-06,525.6
118,1,restaurant,food_organic,500,2026-10-07,575.1
119,2,hotel,mixed_organic,400,2026-06-10,430.6
120,2,hotel,mixed_organic,400,2026-06-11,374.4
121,2,hotel,mixed_organic,400,2026-06-13,453.4
122,2,hotel,mixed_organic,400,2026-06-14,455.6
123,2,hotel,mixed_organic,400,2026-06-15,412.0
124,2,hotel,mixed_organic,400,2026-06-16,444.3
125,2,hotel,mixed_organic,400,2026-06-17,450.1
126,2,hotel,mixed_organic,400,2026-06-18,377.3
127,2,hotel,mixed_organic,400,2026-06-19,341.3
128,2,hotel,mixed_organic,400,2026-06-20,451.8
129,2,hotel,mixed_organic,400,2026-06-21,471.5
130,2,hotel,mixed_organic,400,2026-06-22,389.8
131,2,hotel,mixed_organic,400,2026-06-23,385.5
132,2,hotel,mixed_organic,400,2026-06-24,1096.2
133,2,hotel,mixed_organic,400,2026-06-25,400.6
134,2,hotel,mixed_organic,400,2026-06-26,394.8
135,2,hotel,mixed_organic,400,2026-06-28,454.7
136,2,hotel,mixed_organic,400,2026-06-29,358.7
137,2,hotel,mixed_organic,400,2026-06-30,375.1
138,2,hotel,mixed_organic,400,2026-07-01,371.2
139,2,hotel,mixed_organic,400,2026-07-02,366.2
140,2,hotel,mixed_organic,400,2026-07-03,404.1
141,2,hotel,mixed_organic,400,2026-07-04,326.7
142,2,hotel,mixed_organic,400,2026-07-05,436.6
143,2,hotel,mixed_organic,400,2026-07-06,427.8
144,2,hotel,mixed_organic,400,2026-07-07,366.3
145,2,hotel,mixed_organic,400,2026-07-08,376.7
146,2,hotel,mixed_organic,400,2026-07-09,438.9
147,2,hotel,mixed_organic,400,2026-07-10,417.0
148,2,hotel,mixed_organic,400,2026-07-11,477.7
149,2,hotel,mixed_organic,400,2026-07-12,520.6
150,2,hotel,mixed_organic,400,2026-07-13,453.9
151,2,hotel,mixed_organic,400,2026-07-14,424.5
152,2,hotel,mixed_organic,400,2026-07-15,483.3
153,2,hotel,mixed_organic,400,2026-07-16,467.8
154,2,hotel,mixed_organic,400,2026-07-17,467.2
155,2,hotel,mixed_organic,400,2026-07-18,495.5
156,2,hotel,mixed_organic,400,2026-07-19,455.5
157,2,hotel,mixed_organic,400,2026-07-20,391.5
158,2,hotel,mixed_organic,400,2026-07-21,377.1
159,2,hotel,mixed_organic,400,2026-07-22,406.5
160,2,hotel,mixed_organic,400,2026-07-23,397.8
161,2,hotel,mixed_organic,400,2026-07-24,400.5
162,2,hotel,mixed_organic,400,2026-07-25,440.4
163,2,hotel,mixed_organic,400,2026-07-26,426.7
164,2,hotel,mixed_organic,400,2026-07-27,349.5
165,2,hotel,mixed_organic,400,2026-07-28,342.7
166,2,hotel,mixed_organic,400,2026-07-29,408.6
167,2,hotel,mixed_organic,400,2026-07-30,389.2
168,2,hotel,mixed_organic,400,2026-07-31,369.2
169,2,hotel,mixed_organic,400,2026-08-01,421.9
170,2,hotel,mixed_organic,400,2026-08-02,423.9
171,2,hotel,mixed_organic,400,2026-08-03,388.7
172,2,hotel,mixed_organic,400,2026-08-04,425.9
173,2,hotel,mixed_organic,400,2026-08-05,431.9
174,2,hotel,mixed_organic,400,2026-08-07,410.7
175,2,hotel,mixed_organic,400,2026-08-08,468.4
176,2,hotel,mixed_organic,400,2026-08-09,483.2
177,2,hotel,mixed_organic,400,2026-08-10,393.8
178,2,hotel,mixed_organic,400,2026-08-11,446.8
179,2,hotel,mixed_organic,400,2026-08-12,437.6
180,2,hotel,mixed_organic,400,2026-08-13,451.2
181,2,hotel,mixed_organic,400,2026-08-14,406.4
182,2,hotel,mixed_organic,400,2026-08-15,505.1
183,2,hotel,mixed_organic,400,2026-08-16,478.6
184,2,hotel,mixed_organic,400,2026-08-17,418.1
185,2,hotel,mixed_organic,400,2026-08-18,387.3
186,2,hotel,mixed_organic,400,2026-08-19,421.8
187,2,hotel,mixed_organic,400,2026-08-20,379.7
188,2,hotel,mixed_organic,400,2026-08-21,382.1
189,2,hotel,mixed_organic,400,2026-08-22,433.3
190,2,hotel,mixed_organic,400,2026-08-23,383.8
191,2,hotel,mixed_organic,400,2026-08-24,359.6
192,2,hotel,mixed_organic,400,2026-08-25,413.2
193,2,hotel,mixed_organic,400,2026-08-26,344.4
194,2,hotel,mixed_organic,400,2026-08-27,390.6
195,2,hotel,mixed_organic,400,2026-08-28,376.5
196,2,hotel,mixed_organic,400,2026-08-29,408.9
197,2,hotel,mixed_organic,400,2026-08-30,355.2
198,2,hotel,mixed_organic,400,2026-08-31,360.0
199,2,hotel,mixed_organic,400,2026-09-01,373.1
200,2,hotel,mixed_organic,400,2026-09-02,388.4
201,2,hotel,mixed_organic,400,2026-09-03,412.0
202,2,hotel,mixed_organic,400,2026-09-04,402.2
203,2,hotel,mixed_organic,400,2026-09-05,517.0
204,2,hotel,mixed_organic,400,2026-09-06,495.5
205,2,hotel,mixed_organic,400,2026-09-07,387.6
206,2,hotel,mixed_organic,400,2026-09-08,430.4
207,2,hotel,mixed_organic,400,2026-09-09,411.0
208,2,hotel,mixed_organic,400,2026-09-10,402.8
209,2,hotel,mixed_organic,400,2026-09-11,467.7
210,2,hotel,mixed_organic,400,2026-09-12,500.4
211,2,hotel,mixed_organic,400,2026-09-13,508.3
212,2,hotel,mixed_organic,400,2026-09-14,407.4
213,2,hotel,mixed_organic,400,2026-09-15,438.2
214,2,hotel,mixed_organic,400,2026-09-16,424.7
215,2,hotel,mixed_organic,400,2026-09-17,445.6
216,2,hotel,mixed_organic,400,2026-09-18,411.7
217,2,hotel,mixed_organic,400,2026-09-19,478.3
218,2,hotel,mixed_organic,400,2026-09-20,438.9
219,2,hotel,mixed_organic,400,2026-09-21,334.5
220,2,hotel,mixed_organic,400,2026-09-22,354.4
221,2,hotel,mixed_organic,400,2026-09-23,371.4
222,2,hotel,mixed_organic,400,2026-09-24,408.0
223,2,hotel,mixed_organic,400,2026-09-25,395.7
224,2,hotel,mixed_organic,400,2026-09-26,405.4
225,2,hotel,mixed_organic,400,2026-09-27,434.4
226,2,hotel,mixed_organic,400,2026-09-28,413.8
227,2,hotel,mixed_organic,400,2026-09-29,322.6
228,2,hotel,mixed_organic,400,2026-09-30,403.3
229,2,hotel,mixed_organic,400,2026-10-01,1197.0
230,2,hotel,mixed_organic,400,2026-10-02,410.5
231,2,hotel,mixed_organic,400,2026-10-03,505.4
232,2,hotel,mixed_organic,400,2026-10-04,626.3
233,2,hotel,mixed_organic,400,2026-10-05,481.7
234,2,hotel,mixed_organic,400,2026-10-06,472.0
235,2,hotel,mixed_organic,400,2026-10-07,441.8
236,3,market,food_organic,100,2026-06-10,114.1
237,3,market,food_organic,100,2026-06-11,96.4
238,3,market,food_organic,100,2026-06-12,102.0
239,3,market,food_organic,100,2026-06-13,122.2
240,3,market,food_organic,100,2026-06-14,129.2
241,3,market,food_organic,100,2026-06-15,108.4
242,3,market,food_organic,100,2026-06-16,93.4
243,3,market,food_organic,100,2026-06-17,96.4
244,3,market,food_organic,100,2026-06-18,116.0
245,3,market,food_organic,100,2026-06-19,111.4
246,3,market,food_organic,100,2026-06-20,126.7
247,3,market,food_organic,100,2026-06-21,123.4
248,3,market,food_organic,100,2026-06-22,103.4
249,3,market,food_organic,100,2026-06-24,111.0
250,3,market,food_organic,100,2026-06-25,94.9
251,3,market,food_organic,100,2026-06-26,85.7
252,3,market,food_organic,100,2026-06-27,125.8
253,3,market,food_organic,100,2026-06-28,126.3
254,3,market,food_organic,100,2026-06-29,91.7
255,3,market,food_organic,100,2026-06-30,96.5
256,3,market,food_organic,100,2026-07-01,92.9
257,3,market,food_organic,100,2026-07-02,100.8
258,3,market,food_organic,100,2026-07-04,116.3
259,3,market,food_organic,100,2026-07-05,110.9
260,3,market,food_organic,100,2026-07-06,93.1
261,3,market,food_organic,100,2026-07-07,111.5
262,3,market,food_organic,100,2026-07-08,103.1
263,3,market,food_organic,100,2026-07-09,98.3
264,3,market,food_organic,100,2026-07-10,100.6
265,3,market,food_organic,100,2026-07-11,111.9
266,3,market,food_organic,100,2026-07-12,114.6
267,3,market,food_organic,100,2026-07-13,108.8
268,3,market,food_organic,100,2026-07-14,118.2
269,3,market,food_organic,100,2026-07-15,97.5
270,3,market,food_organic,100,2026-07-16,116.0
271,3,market,food_organic,100,2026-07-17,100.8
272,3,market,food_organic,100,2026-07-18,118.6
273,3,market,food_organic,100,2026-07-19,117.3
274,3,market,food_organic,100,2026-07-20,336.3
275,3,market,food_organic,100,2026-07-21,101.2
276,3,market,food_organic,100,2026-07-22,102.8
277,3,market,food_organic,100,2026-07-23,84.4
278,3,market,food_organic,100,2026-07-24,95.6
279,3,market,food_organic,100,2026-07-25,104.7
280,3,market,food_organic,100,2026-07-26,119.0
281,3,market,food_organic,100,2026-07-27,91.5
282,3,market,food_organic,100,2026-07-28,89.2
283,3,market,food_organic,100,2026-07-29,94.1
284,3,market,food_organic,100,2026-07-30,92.8
285,3,market,food_organic,100,2026-07-31,101.5
286,3,market,food_organic,100,2026-08-01,109.4
287,3,market,food_organic,100,2026-08-02,115.8
288,3,market,food_organic,100,2026-08-03,92.9
289,3,market,food_organic,100,2026-08-04,86.5
290,3,market,food_organic,100,2026-08-05,100.3
291,3,market,food_organic,100,2026-08-06,99.4
292,3,market,food_organic,100,2026-08-07,93.9
293,3,market,food_organic,100,2026-08-08,131.5
294,3,market,food_organic,100,2026-08-09,128.4
295,3,market,food_organic,100,2026-08-10,109.4
296,3,market,food_organic,100,2026-08-11,112.7
297,3,market,food_organic,100,2026-08-12,107.7
298,3,market,food_organic,100,2026-08-13,120.6
299,3,market,food_organic,100,2026-08-14,102.9
300,3,market,food_organic,100,2026-08-15,138.4
301,3,market,food_organic,100,2026-08-16,119.4
302,3,market,food_organic,100,2026-08-17,111.0
303,3,market,food_organic,100,2026-08-18,104.9
304,3,market,food_organic,100,2026-08-19,94.9
305,3,market,food_organic,100,2026-08-20,99.8
306,3,market,food_organic,100,2026-08-21,96.3
307,3,market,food_organic,100,2026-08-22,106.9
308,3,market,food_organic,100,2026-08-23,102.1
309,3,market,food_organic,100,2026-08-24,82.7
310,3,market,food_organic,100,2026-08-25,97.1
311,3,market,food_organic,100,2026-08-26,103.5
312,3,market,food_organic,100,2026-08-27,93.3
313,3,market,food_organic,100,2026-08-28,103.9
314,3,market,food_organic,100,2026-08-29,122.6
315,3,market,food_organic,100,2026-08-30,108.9
316,3,market,food_organic,100,2026-08-31,101.1
317,3,market,food_organic,100,2026-09-01,106.4
318,3,market,food_organic,100,2026-09-02,89.0
319,3,market,food_organic,100,2026-09-03,100.0
320,3,market,food_organic,100,2026-09-04,97.7
321,3,market,food_organic,100,2026-09-05,120.6
322,3,market,food_organic,100,2026-09-06,114.9
323,3,market,food_organic,100,2026-09-07,122.7
324,3,market,food_organic,100,2026-09-08,95.0
325,3,market,food_organic,100,2026-09-09,105.6
326,3,market,food_organic,100,2026-09-10,113.2
327,3,market,food_organic,100,2026-09-11,109.0
328,3,market,food_organic,100,2026-09-12,103.4
329,3,market,food_organic,100,2026-09-13,123.7
330,3,market,food_organic,100,2026-09-14,94.4
331,3,market,food_organic,100,2026-09-15,117.2
332,3,market,food_organic,100,2026-09-16,99.4
333,3,market,food_organic,100,2026-09-17,101.5
334,3,market,food_organic,100,2026-09-18,97.1
335,3,market,food_organic,100,2026-09-19,103.4
336,3,market,food_organic,100,2026-09-20,122.2
337,3,market,food_organic,100,2026-09-21,92.0
338,3,market,food_organic,100,2026-09-22,102.2
339,3,market,food_organic,100,2026-09-23,81.2
340,3,market,food_organic,100,2026-09-24,114.1
341,3,market,food_organic,100,2026-09-25,77.5
342,3,market,food_organic,100,2026-09-26,116.8
343,3,market,food_organic,100,2026-09-27,100.6
344,3,market,food_organic,100,2026-09-28,96.1
345,3,market,food_organic,100,2026-09-29,96.2
346,3,market,food_organic,100,2026-09-30,89.9
347,3,market,food_organic,100,2026-10-01,97.4
348,3,market,food_organic,100,2026-10-02,108.5
349,3,market,food_organic,100,2026-10-03,116.5
350,3,market,food_organic,100,2026-10-04,139.6
351,3,market,food_organic,100,2026-10-05,106.4
352,3,market,food_organic,100,2026-10-06,91.9
353,3,market,food_organic,100,2026-10-07,115.5
354,4,restaurant,food_organic,340,2026-06-10,1190.6
355,4,restaurant,food_organic,340,2026-06-11,370.2
356,4,restaurant,food_organic,340,2026-06-12,365.1
357,4,restaurant,food_organic,340,2026-06-13,419.1
358,4,restaurant,food_organic,340,2026-06-14,448.5
359,4,restaurant,food_organic,340,2026-06-15,368.7
360,4,restaurant,food_organic,340,2026-06-16,326.0
361,4,restaurant,food_organic,340,2026-06-17,323.1
362,4,restaurant,food_organic,340,2026-06-18,376.6
363,4,restaurant,food_organic,340,2026-06-19,351.1
364,4,restaurant,food_organic,340,2026-06-20,1354.4
365,4,restaurant,food_organic,340,2026-06-21,422.2
366,4,restaurant,food_organic,340,2026-06-22,351.5
367,4,restaurant,food_organic,340,2026-06-23,351.0
368,4,restaurant,food_organic,340,2026-06-24,356.0
369,4,restaurant,food_organic,340,2026-06-25,327.8
370,4,restaurant,food_organic,340,2026-06-26,333.9
371,4,restaurant,food_organic,340,2026-06-27,327.9
372,4,restaurant,food_organic,340,2026-06-29,312.4
373,4,restaurant,food_organic,340,2026-06-30,262.7
374,4,restaurant,food_organic,340,2026-07-01,287.4
375,4,restaurant,food_organic,340,2026-07-02,381.5
376,4,restaurant,food_organic,340,2026-07-03,309.6
377,4,restaurant,food_organic,340,2026-07-04,333.3
378,4,restaurant,food_organic,340,2026-07-06,376.6
379,4,restaurant,food_organic,340,2026-07-07,368.7
380,4,restaurant,food_organic,340,2026-07-08,341.8
381,4,restaurant,food_organic,340,2026-07-09,320.0
382,4,restaurant,food_organic,340,2026-07-10,370.0
383,4,restaurant,food_organic,340,2026-07-11,401.9
384,4,restaurant,food_organic,340,2026-07-12,386.3
385,4,restaurant,food_organic,340,2026-07-13,365.1
386,4,restaurant,food_organic,340,2026-07-14,361.2
387,4,restaurant,food_organic,340,2026-07-15,384.9
388,4,restaurant,food_organic,340,2026-07-16,372.1
389,4,restaurant,food_organic,340,2026-07-17,366.0
390,4,restaurant,food_organic,340,2026-07-18,408.7
391,4,restaurant,food_organic,340,2026-07-19,457.6
392,4,restaurant,food_organic,340,2026-07-20,313.9
393,4,restaurant,food_organic,340,2026-07-21,362.5
394,4,restaurant,food_organic,340,2026-07-22,327.1
395,4,restaurant,food_organic,340,2026-07-23,290.9
396,4,restaurant,food_organic,340,2026-07-24,351.3
397,4,restaurant,food_organic,340,2026-07-25,372.3
398,4,restaurant,food_organic,340,2026-07-26,348.3
399,4,restaurant,food_organic,340,2026-07-27,308.9
400,4,restaurant,food_organic,340,2026-07-28,351.9
401,4,restaurant,food_organic,340,2026-07-29,293.0
402,4,restaurant,food_organic,340,2026-07-30,305.3
403,4,restaurant,food_organic,340,2026-07-31,292.7
404,4,restaurant,food_organic,340,2026-08-01,393.7
405,4,restaurant,food_organic,340,2026-08-02,287.3
406,4,restaurant,food_organic,340,2026-08-03,345.0
407,4,restaurant,food_organic,340,2026-08-04,321.9
408,4,restaurant,food_organic,340,2026-08-05,345.8
409,4,restaurant,food_organic,340,2026-08-06,356.4
410,4,restaurant,food_organic,340,2026-08-07,312.2
411,4,restaurant,food_organic,340,2026-08-08,374.7
412,4,restaurant,food_organic,340,2026-08-09,382.4
413,4,restaurant,food_organic,340,2026-08-10,349.5
414,4,restaurant,food_organic,340,2026-08-12,399.0
415,4,restaurant,food_organic,340,2026-08-13,311.2
416,4,restaurant,food_organic,340,2026-08-14,337.7
417,4,restaurant,food_organic,340,2026-08-15,474.4
418,4,restaurant,food_organic,340,2026-08-16,371.7
419,4,restaurant,food_organic,340,2026-08-17,370.9
420,4,restaurant,food_organic,340,2026-08-18,359.6
421,4,restaurant,food_organic,340,2026-08-19,307.6
422,4,restaurant,food_organic,340,2026-08-20,316.1
423,4,restaurant,food_organic,340,2026-08-21,320.6
424,4,restaurant,food_organic,340,2026-08-22,408.6
425,4,restaurant,food_organic,340,2026-08-23,386.1
426,4,restaurant,food_organic,340,2026-08-24,290.5
427,4,restaurant,food_organic,340,2026-08-25,356.6
428,4,restaurant,food_organic,340,2026-08-26,315.7
429,4,restaurant,food_organic,340,2026-08-27,273.7
430,4,restaurant,food_organic,340,2026-08-28,356.2
431,4,restaurant,food_organic,340,2026-08-29,397.2
432,4,restaurant,food_organic,340,2026-08-30,301.8
433,4,restaurant,food_organic,340,2026-08-31,365.1
434,4,restaurant,food_organic,340,2026-09-01,355.3
435,4,restaurant,food_organic,340,2026-09-02,334.8
436,4,restaurant,food_organic,340,2026-09-03,343.9
437,4,restaurant,food_organic,340,2026-09-04,344.7
438,4,restaurant,food_organic,340,2026-09-05,357.7
439,4,restaurant,food_organic,340,2026-09-06,411.4
440,4,restaurant,food_organic,340,2026-09-07,320.0
441,4,restaurant,food_organic,340,2026-09-08,320.6
442,4,restaurant,food_organic,340,2026-09-09,412.3
443,4,restaurant,food_organic,340,2026-09-10,356.9
444,4,restaurant,food_organic,340,2026-09-11,395.4
445,4,restaurant,food_organic,340,2026-09-12,426.9
446,4,restaurant,food_organic,340,2026-09-13,432.9
447,4,restaurant,food_organic,340,2026-09-14,306.1
448,4,restaurant,food_organic,340,2026-09-15,321.2
449,4,restaurant,food_organic,340,2026-09-16,330.4
450,4,restaurant,food_organic,340,2026-09-17,368.7
451,4,restaurant,food_organic,340,2026-09-18,321.9
452,4,restaurant,food_organic,340,2026-09-19,382.5
453,4,restaurant,food_organic,340,2026-09-20,401.6
454,4,restaurant,food_organic,340,2026-09-21,314.8
455,4,restaurant,food_organic,340,2026-09-22,311.7
456,4,restaurant,food_organic,340,2026-09-23,331.3
457,4,restaurant,food_organic,340,2026-09-24,294.6
458,4,restaurant,food_organic,340,2026-09-25,327.2
459,4,restaurant,food_organic,340,2026-09-26,341.4
460,4,restaurant,food_organic,340,2026-09-27,349.1
461,4,restaurant,food_organic,340,2026-09-28,311.6
462,4,restaurant,food_organic,340,2026-09-29,296.2
463,4,restaurant,food_organic,340,2026-09-30,321.2
464,4,restaurant,food_organic,340,2026-10-01,329.7
465,4,restaurant,food_organic,340,2026-10-02,335.4
466,4,restaurant,food_organic,340,2026-10-03,433.2
467,4,restaurant,food_organic,340,2026-10-04,424.9
468,4,restaurant,food_organic,340,2026-10-05,393.5
469,4,restaurant,food_organic,340,2026-10-06,425.3
470,4,restaurant,food_organic,340,2026-10-07,387.4
471,5,hotel,mixed_organic,620,2026-06-10,696.6
472,5,hotel,mixed_organic,620,2026-06-11,665.8
473,5,hotel,mixed_organic,620,2026-06-12,611.4
474,5,hotel,mixed_organic,620,2026-06-13,867.8
475,5,hotel,mixed_organic,620,2026-06-14,731.4
476,5,hotel,mixed_organic,620,2026-06-15,585.7
477,5,hotel,mixed_organic,620,2026-06-16,643.2
478,5,hotel,mixed_organic,620,2026-06-17,596.9
479,5,hotel,mixed_organic,620,2026-06-18,609.8
480,5,hotel,mixed_organic,620,2026-06-19,601.7
481,5,hotel,mixed_organic,620,2026-06-20,690.7
482,5,hotel,mixed_organic,620,2026-06-21,789.1
483,5,hotel,mixed_organic,620,2026-06-22,579.8
484,5,hotel,mixed_organic,620,2026-06-23,621.9
485,5,hotel,mixed_organic,620,2026-06-24,595.9
486,5,hotel,mixed_organic,620,2026-06-25,599.5
487,5,hotel,mixed_organic,620,2026-06-26,567.4
488,5,hotel,mixed_organic,620,2026-06-27,601.4
489,5,hotel,mixed_organic,620,2026-06-28,689.6
490,5,hotel,mixed_organic,620,2026-06-29,539.3
491,5,hotel,mixed_organic,620,2026-06-30,554.0
492,5,hotel,mixed_organic,620,2026-07-01,596.3
493,5,hotel,mixed_organic,620,2026-07-02,526.4
494,5,hotel,mixed_organic,620,2026-07-03,689.0
495,5,hotel,mixed_organic,620,2026-07-04,612.9
496,5,hotel,mixed_organic,620,2026-07-05,712.7
497,5,hotel,mixed_organic,620,2026-07-06,575.9
498,5,hotel,mixed_organic,620,2026-07-07,619.3
499,5,hotel,mixed_organic,620,2026-07-08,621.1
500,5,hotel,mixed_organic,620,2026-07-10,605.3
501,5,hotel,mixed_organic,620,2026-07-11,737.6
502,5,hotel,mixed_organic,620,2026-07-12,686.8
503,5,hotel,mixed_organic,620,2026-07-13,635.0
504,5,hotel,mixed_organic,620,2026-07-14,571.9
505,5,hotel,mixed_organic,620,2026-07-15,588.7
506,5,hotel,mixed_organic,620,2026-07-16,616.9
507,5,hotel,mixed_organic,620,2026-07-17,587.6
508,5,hotel,mixed_organic,620,2026-07-18,709.8
509,5,hotel,mixed_organic,620,2026-07-19,765.3
510,5,hotel,mixed_organic,620,2026-07-20,572.2
511,5,hotel,mixed_organic,620,2026-07-21,687.4
512,5,hotel,mixed_organic,620,2026-07-22,549.9
513,5,hotel,mixed_organic,620,2026-07-23,569.6
514,5,hotel,mixed_organic,620,2026-07-24,539.2
515,5,hotel,mixed_organic,620,2026-07-25,740.8
516,5,hotel,mixed_organic,620,2026-07-26,715.7
517,5,hotel,mixed_organic,620,2026-07-27,568.9
518,5,hotel,mixed_organic,620,2026-07-28,622.1
519,5,hotel,mixed_organic,620,2026-07-29,551.9
520,5,hotel,mixed_organic,620,2026-07-30,556.2
521,5,hotel,mixed_organic,620,2026-08-01,636.5
522,5,hotel,mixed_organic,620,2026-08-02,669.4
523,5,hotel,mixed_organic,620,2026-08-03,563.1
524,5,hotel,mixed_organic,620,2026-08-04,625.5
525,5,hotel,mixed_organic,620,2026-08-05,559.6
526,5,hotel,mixed_organic,620,2026-08-06,627.2
527,5,hotel,mixed_organic,620,2026-08-07,610.0
528,5,hotel,mixed_organic,620,2026-08-08,708.6
529,5,hotel,mixed_organic,620,2026-08-09,802.0
530,5,hotel,mixed_organic,620,2026-08-10,723.4
531,5,hotel,mixed_organic,620,2026-08-11,599.9
532,5,hotel,mixed_organic,620,2026-08-12,605.4
533,5,hotel,mixed_organic,620,2026-08-13,663.8
534,5,hotel,mixed_organic,620,2026-08-14,843.3
535,5,hotel,mixed_organic,620,2026-08-15,704.3
536,5,hotel,mixed_organic,620,2026-08-16,696.9
537,5,hotel,mixed_organic,620,2026-08-17,677.2
538,5,hotel,mixed_organic,620,2026-08-18,606.1
539,5,hotel,mixed_organic,620,2026-08-19,598.8
540,5,hotel,mixed_organic,620,2026-08-20,656.6
541,5,hotel,mixed_organic,620,2026-08-21,613.7
542,5,hotel,mixed_organic,620,2026-08-22,709.5
543,5,hotel,mixed_organic,620,2026-08-23,678.5
544,5,hotel,mixed_organic,620,2026-08-24,561.7
545,5,hotel,mixed_organic,620,2026-08-25,566.1
546,5,hotel,mixed_organic,620,2026-08-26,624.1
547,5,hotel,mixed_organic,620,2026-08-27,578.3
548,5,hotel,mixed_organic,620,2026-08-28,658.1
549,5,hotel,mixed_organic,620,2026-08-29,702.0
550,5,hotel,mixed_organic,620,2026-08-30,569.6
551,5,hotel,mixed_organic,620,2026-08-31,563.3
552,5,hotel,mixed_organic,620,2026-09-01,563.1
553,5,hotel,mixed_organic,620,2026-09-02,562.5
554,5,hotel,mixed_organic,620,2026-09-03,570.1
555,5,hotel,mixed_organic,620,2026-09-04,633.8
556,5,hotel,mixed_organic,620,2026-09-05,724.1
557,5,hotel,mixed_organic,620,2026-09-07,627.7
558,5,hotel,mixed_organic,620,2026-09-08,598.8
559,5,hotel,mixed_organic,620,2026-09-09,627.1
560,5,hotel,mixed_organic,620,2026-09-10,638.9
561,5,hotel,mixed_organic,620,2026-09-11,602.0
562,5,hotel,mixed_organic,620,2026-09-12,733.4
563,5,hotel,mixed_organic,620,2026-09-13,799.1
564,5,hotel,mixed_organic,620,2026-09-14,689.3
565,5,hotel,mixed_organic,620,2026-09-15,624.7
566,5,hotel,mixed_organic,620,2026-09-16,597.5
567,5,hotel,mixed_organic,620,2026-09-17,1832.0
568,5,hotel,mixed_organic,620,2026-09-18,568.7
569,5,hotel,mixed_organic,620,2026-09-20,743.0
570,5,hotel,mixed_organic,620,2026-09-21,664.1
571,5,hotel,mixed_organic,620,2026-09-22,579.2
572,5,hotel,mixed_organic,620,2026-09-23,586.2
573,5,hotel,mixed_organic,620,2026-09-24,590.2
574,5,hotel,mixed_organic,620,2026-09-25,499.5
575,5,hotel,mixed_organic,620,2026-09-26,648.1
576,5,hotel,mixed_organic,620,2026-09-27,560.4
577,5,hotel,mixed_organic,620,2026-09-28,533.6
578,5,hotel,mixed_organic,620,2026-09-29,532.6
579,5,hotel,mixed_organic,620,2026-09-30,587.1
580,5,hotel,mixed_organic,620,2026-10-01,570.3
581,5,hotel,mixed_organic,620,2026-10-02,636.2
582,5,hotel,mixed_organic,620,2026-10-03,789.4
583,5,hotel,mixed_organic,620,2026-10-04,793.8
584,5,hotel,mixed_organic,620,2026-10-05,640.0
585,5,hotel,mixed_organic,620,2026-10-06,623.4
586,5,hotel,mixed_organic,620,2026-10-07,703.8
587,6,market,food_organic,2400,2026-06-10,2765.1
588,6,market,food_organic,2400,2026-06-11,2672.4
589,6,market,food_organic,2400,2026-06-12,2619.0
590,6,market,food_organic,2400,2026-06-13,3248.4
591,6,market,food_organic,2400,2026-06-14,3098.9
592,6,market,food_organic,2400,2026-06-15,2347.8
593,6,market,food_organic,2400,2026-06-16,2502.5
594,6,market,food_organic,2400,2026-06-17,2488.5
595,6,market,food_organic,2400,2026-06-18,2509.9
596,6,market,food_organic,2400,2026-06-19,2431.1
597,6,market,food_organic,2400,2026-06-20,3028.7
598,6,market,food_organic,2400,2026-06-21,2762.3
599,6,market,food_organic,2400,2026-06-22,2269.6
600,6,market,food_organic,2400,2026-06-23,2078.9
601,6,market,food_organic,2400,2026-06-24,2207.6
602,6,market,food_organic,2400,2026-06-25,2206.5
603,6,market,food_organic,2400,2026-06-26,2440.3
604,6,market,food_organic,2400,2026-06-27,2446.9
605,6,market,food_organic,2400,2026-06-28,2525.2
606,6,market,food_organic,2400,2026-06-29,2570.1
607,6,market,food_organic,2400,2026-06-30,2210.0
608,6,market,food_organic,2400,2026-07-01,2206.1
609,6,market,food_organic,2400,2026-07-02,2440.4
610,6,market,food_organic,2400,2026-07-03,2353.4
611,6,market,food_organic,2400,2026-07-04,2643.4
612,6,market,food_organic,2400,2026-07-05,2776.2
613,6,market,food_organic,2400,2026-07-06,2224.9
614,6,market,food_organic,2400,2026-07-07,2577.4
615,6,market,food_organic,2400,2026-07-08,2128.6
616,6,market,food_organic,2400,2026-07-09,2619.4
617,6,market,food_organic,2400,2026-07-10,2564.2
618,6,market,food_organic,2400,2026-07-11,2788.4
619,6,market,food_organic,2400,2026-07-12,2879.5
620,6,market,food_organic,2400,2026-07-13,2583.6
621,6,market,food_organic,2400,2026-07-14,2795.7
622,6,market,food_organic,2400,2026-07-15,2515.8
623,6,market,food_organic,2400,2026-07-16,2485.8
624,6,market,food_organic,2400,2026-07-17,2463.8
625,6,market,food_organic,2400,2026-07-18,3011.7
626,6,market,food_organic,2400,2026-07-19,3028.9
627,6,market,food_organic,2400,2026-07-20,2431.3
628,6,market,food_organic,2400,2026-07-21,2395.4
629,6,market,food_organic,2400,2026-07-22,2502.6
630,6,market,food_organic,2400,2026-07-23,2574.8
631,6,market,food_organic,2400,2026-07-24,2180.4
632,6,market,food_organic,2400,2026-07-25,2441.7
633,6,market,food_organic,2400,2026-07-26,2704.0
634,6,market,food_organic,2400,2026-07-27,2608.6
635,6,market,food_organic,2400,2026-07-28,2264.4
636,6,market,food_organic,2400,2026-07-29,2058.7
637,6,market,food_organic,2400,2026-07-30,2536.3
638,6,market,food_organic,2400,2026-07-31,2266.4
639,6,market,food_organic,2400,2026-08-01,2883.8
640,6,market,food_organic,2400,2026-08-02,2951.8
641,6,market,food_organic,2400,2026-08-03,2380.9
642,6,market,food_organic,2400,2026-08-04,2522.7
643,6,market,food_organic,2400,2026-08-05,2363.7
644,6,market,food_organic,2400,2026-08-06,2359.2
645,6,market,food_organic,2400,2026-08-07,2324.9
646,6,market,food_organic,2400,2026-08-08,2649.7
647,6,market,food_organic,2400,2026-08-09,2903.6
648,6,market,food_organic,2400,2026-08-10,2509.7
649,6,market,food_organic,2400,2026-08-11,2475.0
650,6,market,food_organic,2400,2026-08-12,2653.6
651,6,market,food_organic,2400,2026-08-13,2696.9
652,6,market,food_organic,2400,2026-08-14,2792.8
653,6,market,food_organic,2400,2026-08-15,2745.2
654,6,market,food_organic,2400,2026-08-16,2963.6
655,6,market,food_organic,2400,2026-08-17,2595.2
656,6,market,food_organic,2400,2026-08-18,2635.5
657,6,market,food_organic,2400,2026-08-19,2424.4
658,6,market,food_organic,2400,2026-08-20,2331.0
659,6,market,food_organic,2400,2026-08-21,2587.6
660,6,market,food_organic,2400,2026-08-22,2430.1
661,6,market,food_organic,2400,2026-08-23,2368.2
662,6,market,food_organic,2400,2026-08-24,2317.1
663,6,market,food_organic,2400,2026-08-25,2211.2
664,6,market,food_organic,2400,2026-08-26,2228.0
665,6,market,food_organic,2400,2026-08-27,2429.2
666,6,market,food_organic,2400,2026-08-28,2212.8
667,6,market,food_organic,2400,2026-08-29,2681.9
668,6,market,food_organic,2400,2026-08-30,2637.6
669,6,market,food_organic,2400,2026-08-31,2383.6
670,6,market,food_organic,2400,2026-09-01,2362.5
671,6,market,food_organic,2400,2026-09-02,2490.8
672,6,market,food_organic,2400,2026-09-03,2453.0
673,6,market,food_organic,2400,2026-09-04,2888.2
674,6,market,food_organic,2400,2026-09-05,2802.9
675,6,market,food_organic,2400,2026-09-06,2884.4
676,6,market,food_organic,2400,2026-09-07,2991.1
677,6,market,food_organic,2400,2026-09-08,2697.2
678,6,market,food_organic,2400,2026-09-09,2558.1
679,6,market,food_organic,2400,2026-09-10,2608.7
680,6,market,food_organic,2400,2026-09-11,2662.2
681,6,market,food_organic,2400,2026-09-12,3000.6
682,6,market,food_organic,2400,2026-09-13,2822.0
683,6,market,food_organic,2400,2026-09-14,2598.1
684,6,market,food_organic,2400,2026-09-15,2752.6
685,6,market,food_organic,2400,2026-09-16,2797.9
686,6,market,food_organic,2400,2026-09-18,2415.1
687,6,market,food_organic,2400,2026-09-19,2890.7
688,6,market,food_organic,2400,2026-09-20,2951.3
689,6,market,food_organic,2400,2026-09-21,2287.9
690,6,market,food_organic,2400,2026-09-22,2569.0
691,6,market,food_organic,2400,2026-09-23,2231.6
692,6,market,food_organic,2400,2026-09-24,2341.4
693,6,market,food_organic,2400,2026-09-25,2612.0
694,6,market,food_organic,2400,2026-09-26,2672.6
695,6,market,food_organic,2400,2026-09-27,2860.4
696,6,market,food_organic,2400,2026-09-28,2512.2
697,6,market,food_organic,2400,2026-09-29,2246.1
698,6,market,food_organic,2400,2026-09-30,2339.0
699,6,market,food_organic,2400,2026-10-01,2753.1
700,6,market,food_organic,2400,2026-10-02,2930.5
701,6,market,food_organic,2400,2026-10-03,3314.8
702,6,market,food_organic,2400,2026-10-04,3490.6
703,6,market,food_organic,2400,2026-10-05,2638.5
704,6,market,food_organic,2400,2026-10-06,2835.1
705,6,market,food_organic,2400,2026-10-07,2750.7
706,7,food_processing,food_organic,1100,2026-06-10,1145.6
707,7,food_processing,food_organic,1100,2026-06-11,1389.2
708,7,food_processing,food_organic,1100,2026-06-12,1189.5
709,7,food_processing,food_organic,1100,2026-06-13,1105.5
710,7,food_processing,food_organic,1100,2026-06-14,1177.3
711,7,food_processing,food_organic,1100,2026-06-15,1155.7
712,7,food_processing,food_organic,1100,2026-06-16,1042.2
713,7,food_processing,food_organic,1100,2026-06-17,1018.5
714,7,food_processing,food_organic,1100,2026-06-19,999.7
715,7,food_processing,food_organic,1100,2026-06-20,1193.0
716,7,food_processing,food_organic,1100,2026-06-21,1228.5
717,7,food_processing,food_organic,1100,2026-06-22,883.9
718,7,food_processing,food_organic,1100,2026-06-23,1014.5
719,7,food_processing,food_organic,1100,2026-06-24,1028.8
720,7,food_processing,food_organic,1100,2026-06-25,1114.2
721,7,food_processing,food_organic,1100,2026-06-26,1010.4
722,7,food_processing,food_organic,1100,2026-06-27,1115.7
723,7,food_processing,food_organic,1100,2026-06-28,972.4
724,7,food_processing,food_organic,1100,2026-06-29,1063.1
725,7,food_processing,food_organic,1100,2026-06-30,923.5
726,7,food_processing,food_organic,1100,2026-07-01,1135.3
727,7,food_processing,food_organic,1100,2026-07-02,1102.2
728,7,food_processing,food_organic,1100,2026-07-03,1131.2
729,7,food_processing,food_organic,1100,2026-07-04,961.0
730,7,food_processing,food_organic,1100,2026-07-05,1164.2
731,7,food_processing,food_organic,1100,2026-07-06,1025.1
732,7,food_processing,food_organic,1100,2026-07-07,1050.9
733,7,food_processing,food_organic,1100,2026-07-08,1154.2
734,7,food_processing,food_organic,1100,2026-07-09,1092.9
735,7,food_processing,food_organic,1100,2026-07-10,1195.6
736,7,food_processing,food_organic,1100,2026-07-11,1240.2
737,7,food_processing,food_organic,1100,2026-07-12,1191.0
738,7,food_processing,food_organic,1100,2026-07-13,1176.5
739,7,food_processing,food_organic,1100,2026-07-14,1072.5
740,7,food_processing,food_organic,1100,2026-07-15,1170.9
741,7,food_processing,food_organic,1100,2026-07-16,1044.8
742,7,food_processing,food_organic,1100,2026-07-17,1148.2
743,7,food_processing,food_organic,1100,2026-07-18,1207.3
744,7,food_processing,food_organic,1100,2026-07-19,1121.9
745,7,food_processing,food_organic,1100,2026-07-20,1150.2
746,7,food_processing,food_organic,1100,2026-07-21,1031.3
747,7,food_processing,food_organic,1100,2026-07-23,1150.6
748,7,food_processing,food_organic,1100,2026-07-24,1189.0
749,7,food_processing,food_organic,1100,2026-07-25,1093.1
750,7,food_processing,food_organic,1100,2026-07-26,1048.7
751,7,food_processing,food_organic,1100,2026-07-27,1079.9
752,7,food_processing,food_organic,1100,2026-07-28,1178.4
753,7,food_processing,food_organic,1100,2026-07-29,921.7
754,7,food_processing,food_organic,1100,2026-07-30,1009.3
755,7,food_processing,food_organic,1100,2026-07-31,1049.8
756,7,food_processing,food_organic,1100,2026-08-01,1038.1
757,7,food_processing,food_organic,1100,2026-08-02,958.3
758,7,food_processing,food_organic,1100,2026-08-03,1131.3
759,7,food_processing,food_organic,1100,2026-08-04,1242.9
760,7,food_processing,food_organic,1100,2026-08-05,1083.0
761,7,food_processing,food_organic,1100,2026-08-06,1150.5
762,7,food_processing,food_organic,1100,2026-08-07,1156.6
763,7,food_processing,food_organic,1100,2026-08-08,1128.4
764,7,food_processing,food_organic,1100,2026-08-09,1147.2
765,7,food_processing,food_organic,1100,2026-08-10,1210.7
766,7,food_processing,food_organic,1100,2026-08-11,1160.9
767,7,food_processing,food_organic,1100,2026-08-12,1174.0
768,7,food_processing,food_organic,1100,2026-08-13,1109.4
769,7,food_processing,food_organic,1100,2026-08-14,1172.7
770,7,food_processing,food_organic,1100,2026-08-15,1172.9
771,7,food_processing,food_organic,1100,2026-08-16,1142.3
772,7,food_processing,food_organic,1100,2026-08-17,1176.3
773,7,food_processing,food_organic,1100,2026-08-18,1342.1
774,7,food_processing,food_organic,1100,2026-08-19,1110.4
775,7,food_processing,food_organic,1100,2026-08-20,1184.8
776,7,food_processing,food_organic,1100,2026-08-21,911.9
777,7,food_processing,food_organic,1100,2026-08-22,1118.1
778,7,food_processing,food_organic,1100,2026-08-23,1155.0
779,7,food_processing,food_organic,1100,2026-08-24,956.8
780,7,food_processing,food_organic,1100,2026-08-25,1046.7
781,7,food_processing,food_organic,1100,2026-08-26,974.3
782,7,food_processing,food_organic,1100,2026-08-27,1044.7
783,7,food_processing,food_organic,1100,2026-08-29,1224.7
784,7,food_processing,food_organic,1100,2026-08-30,1051.2
785,7,food_processing,food_organic,1100,2026-08-31,1043.5
786,7,food_processing,food_organic,1100,2026-09-01,1043.5
787,7,food_processing,food_organic,1100,2026-09-02,859.1
788,7,food_processing,food_organic,1100,2026-09-03,1095.9
789,7,food_processing,food_organic,1100,2026-09-04,1038.1
790,7,food_processing,food_organic,1100,2026-09-05,1230.3
791,7,food_processing,food_organic,1100,2026-09-06,1236.0
792,7,food_processing,food_organic,1100,2026-09-07,1088.3
793,7,food_processing,food_organic,1100,2026-09-08,1135.7
794,7,food_processing,food_organic,1100,2026-09-09,1154.3
795,7,food_processing,food_organic,1100,2026-09-10,1162.3
796,7,food_processing,food_organic,1100,2026-09-11,1023.2
797,7,food_processing,food_organic,1100,2026-09-12,1004.7
798,7,food_processing,food_organic,1100,2026-09-13,1177.5
799,7,food_processing,food_organic,1100,2026-09-15,1202.4
800,7,food_processing,food_organic,1100,2026-09-16,1201.3
801,7,food_processing,food_organic,1100,2026-09-17,1036.9
802,7,food_processing,food_organic,1100,2026-09-18,1145.8
803,7,food_processing,food_organic,1100,2026-09-19,1178.0
804,7,food_processing,food_organic,1100,2026-09-20,1051.6
805,7,food_processing,food_organic,1100,2026-09-21,1034.0
806,7,food_processing,food_organic,1100,2026-09-22,1060.7
807,7,food_processing,food_organic,1100,2026-09-23,1118.8
808,7,food_processing,food_organic,1100,2026-09-24,916.0
809,7,food_processing,food_organic,1100,2026-09-25,1077.0
810,7,food_processing,food_organic,1100,2026-09-26,1030.5
811,7,food_processing,food_organic,1100,2026-09-27,1043.9
812,7,food_processing,food_organic,1100,2026-09-28,1122.4
813,7,food_processing,food_organic,1100,2026-09-29,1028.9
814,7,food_processing,food_organic,1100,2026-09-30,955.4
815,7,food_processing,food_organic,1100,2026-10-01,1152.9
816,7,food_processing,food_organic,1100,2026-10-02,963.2
817,7,food_processing,food_organic,1100,2026-10-03,1103.4
818,7,food_processing,food_organic,1100,2026-10-04,1084.0
819,7,food_processing,food_organic,1100,2026-10-05,1111.0
820,7,food_processing,food_organic,1100,2026-10-06,1128.7
821,7,food_processing,food_organic,1100,2026-10-07,1169.1
822,8,agriculture,agricultural,1800,2026-06-10,1984.4
823,8,agriculture,agricultural,1800,2026-06-11,1896.8
824,8,agriculture,agricultural,1800,2026-06-12,2061.0
825,8,agriculture,agricultural,1800,2026-06-13,1971.2
826,8,agriculture,agricultural,1800,2026-06-14,1722.7
827,8,agriculture,agricultural,1800,2026-06-15,1816.3
828,8,agriculture,agricultural,1800,2026-06-16,1792.3
829,8,agriculture,agricultural,1800,2026-06-17,1887.0
830,8,agriculture,agricultural,1800,2026-06-18,1735.1
831,8,agriculture,agricultural,1800,2026-06-19,1726.0
832,8,agriculture,agricultural,1800,2026-06-20,1847.8
833,8,agriculture,agricultural,1800,2026-06-21,1612.2
834,8,agriculture,agricultural,1800,2026-06-22,1878.3
835,8,agriculture,agricultural,1800,2026-06-23,1802.4
836,8,agriculture,agricultural,1800,2026-06-24,1831.5
837,8,agriculture,agricultural,1800,2026-06-25,1838.7
838,8,agriculture,agricultural,1800,2026-06-26,1734.6
839,8,agriculture,agricultural,1800,2026-06-27,1703.3
840,8,agriculture,agricultural,1800,2026-06-28,1712.2
841,8,agriculture,agricultural,1800,2026-06-29,1759.0
842,8,agriculture,agricultural,1800,2026-06-30,1651.0
843,8,agriculture,agricultural,1800,2026-07-01,1673.7
844,8,agriculture,agricultural,1800,2026-07-02,1801.6
845,8,agriculture,agricultural,1800,2026-07-03,1467.2
846,8,agriculture,agricultural,1800,2026-07-04,1608.1
847,8,agriculture,agricultural,1800,2026-07-05,1794.9
848,8,agriculture,agricultural,1800,2026-07-06,1750.9
849,8,agriculture,agricultural,1800,2026-07-07,1807.1
850,8,agriculture,agricultural,1800,2026-07-08,1806.1
851,8,agriculture,agricultural,1800,2026-07-09,1783.2
852,8,agriculture,agricultural,1800,2026-07-10,1847.4
853,8,agriculture,agricultural,1800,2026-07-11,1646.5
854,8,agriculture,agricultural,1800,2026-07-12,2086.6
855,8,agriculture,agricultural,1800,2026-07-13,1821.0
856,8,agriculture,agricultural,1800,2026-07-14,1959.5
857,8,agriculture,agricultural,1800,2026-07-15,1565.1
858,8,agriculture,agricultural,1800,2026-07-16,2092.4
859,8,agriculture,agricultural,1800,2026-07-17,1841.5
860,8,agriculture,agricultural,1800,2026-07-18,1898.8
861,8,agriculture,agricultural,1800,2026-07-19,1747.5
862,8,agriculture,agricultural,1800,2026-07-20,1972.5
863,8,agriculture,agricultural,1800,2026-07-21,1689.3
864,8,agriculture,agricultural,1800,2026-07-22,1705.5
865,8,agriculture,agricultural,1800,2026-07-23,1801.8
866,8,agriculture,agricultural,1800,2026-07-24,5337.6
867,8,agriculture,agricultural,1800,2026-07-25,1788.8
868,8,agriculture,agricultural,1800,2026-07-26,1673.1
869,8,agriculture,agricultural,1800,2026-07-27,1650.8
870,8,agriculture,agricultural,1800,2026-07-28,1573.2
871,8,agriculture,agricultural,1800,2026-07-29,1746.1
872,8,agriculture,agricultural,1800,2026-07-30,1737.6
873,8,agriculture,agricultural,1800,2026-07-31,1769.5
874,8,agriculture,agricultural,1800,2026-08-01,1514.4
875,8,agriculture,agricultural,1800,2026-08-02,1582.9
876,8,agriculture,agricultural,1800,2026-08-03,1847.5
877,8,agriculture,agricultural,1800,2026-08-04,1914.5
878,8,agriculture,agricultural,1800,2026-08-05,1969.3
879,8,agriculture,agricultural,1800,2026-08-06,1711.6
880,8,agriculture,agricultural,1800,2026-08-07,1801.2
881,8,agriculture,agricultural,1800,2026-08-08,1762.1
882,8,agriculture,agricultural,1800,2026-08-09,1740.6
883,8,agriculture,agricultural,1800,2026-08-10,1909.9
884,8,agriculture,agricultural,1800,2026-08-11,1801.1
885,8,agriculture,agricultural,1800,2026-08-12,1998.8
886,8,agriculture,agricultural,1800,2026-08-13,2081.9
887,8,agriculture,agricultural,1800,2026-08-14,1872.2
888,8,agriculture,agricultural,1800,2026-08-15,1906.0
889,8,agriculture,agricultural,1800,2026-08-16,1900.3
890,8,agriculture,agricultural,1800,2026-08-17,1820.9
891,8,agriculture,agricultural,1800,2026-08-18,1925.7
892,8,agriculture,agricultural,1800,2026-08-19,1749.3
893,8,agriculture,agricultural,1800,2026-08-20,5789.4
894,8,agriculture,agricultural,1800,2026-08-21,1976.2
895,8,agriculture,agricultural,1800,2026-08-22,1535.8
896,8,agriculture,agricultural,1800,2026-08-23,1725.9
897,8,agriculture,agricultural,1800,2026-08-24,1868.2
898,8,agriculture,agricultural,1800,2026-08-25,1703.1
899,8,agriculture,agricultural,1800,2026-08-26,1551.8
900,8,agriculture,agricultural,1800,2026-08-27,1827.5
901,8,agriculture,agricultural,1800,2026-08-28,1533.6
902,8,agriculture,agricultural,1800,2026-08-29,1823.6
903,8,agriculture,agricultural,1800,2026-08-30,1571.7
904,8,agriculture,agricultural,1800,2026-08-31,1493.3
905,8,agriculture,agricultural,1800,2026-09-01,1706.3
906,8,agriculture,agricultural,1800,2026-09-02,2024.2
907,8,agriculture,agricultural,1800,2026-09-03,1757.5
908,8,agriculture,agricultural,1800,2026-09-04,1809.5
909,8,agriculture,agricultural,1800,2026-09-05,1685.6
910,8,agriculture,agricultural,1800,2026-09-06,1902.5
911,8,agriculture,agricultural,1800,2026-09-07,1862.5
912,8,agriculture,agricultural,1800,2026-09-08,2013.9
913,8,agriculture,agricultural,1800,2026-09-09,1890.2
914,8,agriculture,agricultural,1800,2026-09-10,1837.0
915,8,agriculture,agricultural,1800,2026-09-11,1782.7
916,8,agriculture,agricultural,1800,2026-09-12,1836.0
917,8,agriculture,agricultural,1800,2026-09-13,2104.9
918,8,agriculture,agricultural,1800,2026-09-14,2211.4
919,8,agriculture,agricultural,1800,2026-09-15,1940.7
920,8,agriculture,agricultural,1800,2026-09-16,1940.2
921,8,agriculture,agricultural,1800,2026-09-17,1915.5
922,8,agriculture,agricultural,1800,2026-09-18,1652.0
923,8,agriculture,agricultural,1800,2026-09-19,1735.0
924,8,agriculture,agricultural,1800,2026-09-20,1772.2
925,8,agriculture,agricultural,1800,2026-09-21,1597.8
926,8,agriculture,agricultural,1800,2026-09-22,1788.9
927,8,agriculture,agricultural,1800,2026-09-23,1664.0
928,8,agriculture,agricultural,1800,2026-09-24,1678.1
929,8,agriculture,agricultural,1800,2026-09-25,1801.2
930,8,agriculture,agricultural,1800,2026-09-26,1616.0
931,8,agriculture,agricultural,1800,2026-09-27,1582.1
932,8,agriculture,agricultural,1800,2026-09-28,1701.5
933,8,agriculture,agricultural,1800,2026-09-29,1710.1
934,8,agriculture,agricultural,1800,2026-09-30,1563.5
935,8,agriculture,agricultural,1800,2026-10-01,1693.9
936,8,agriculture,agricultural,1800,2026-10-02,1828.8
937,8,agriculture,agricultural,1800,2026-10-03,1913.0
938,8,agriculture,agricultural,1800,2026-10-04,1790.5
939,8,agriculture,agricultural,1800,2026-10-05,1782.9
940,8,agriculture,agricultural,1800,2026-10-06,1805.1
941,8,agriculture,agricultural,1800,2026-10-07,2067.8
942,9,restaurant,food_organic,450,2026-06-10,490.5
943,9,restaurant,food_organic,450,2026-06-11,466.9
944,9,restaurant,food_organic,450,2026-06-12,530.0
945,9,restaurant,food_organic,450,2026-06-13,560.6
946,9,restaurant,food_organic,450,2026-06-14,544.1
947,9,restaurant,food_organic,450,2026-06-15,483.8
948,9,restaurant,food_organic,450,2026-06-16,414.9
949,9,restaurant,food_organic,450,2026-06-17,437.6
950,9,restaurant,food_organic,450,2026-06-18,450.4
951,9,restaurant,food_organic,450,2026-06-20,498.7
952,9,restaurant,food_organic,450,2026-06-21,513.9
953,9,restaurant,food_organic,450,2026-06-22,437.4
954,9,restaurant,food_organic,450,2026-06-23,456.5
955,9,restaurant,food_organic,450,2026-06-24,412.5
956,9,restaurant,food_organic,450,2026-06-25,442.3
957,9,restaurant,food_organic,450,2026-06-26,445.3
958,9,restaurant,food_organic,450,2026-06-27,523.5
959,9,restaurant,food_organic,450,2026-06-28,475.7
960,9,restaurant,food_organic,450,2026-06-29,436.6
961,9,restaurant,food_organic,450,2026-06-30,382.9
962,9,restaurant,food_organic,450,2026-07-01,447.2
963,9,restaurant,food_organic,450,2026-07-02,429.7
964,9,restaurant,food_organic,450,2026-07-03,445.6
965,9,restaurant,food_organic,450,2026-07-04,490.5
966,9,restaurant,food_organic,450,2026-07-05,477.3
967,9,restaurant,food_organic,450,2026-07-06,464.0
968,9,restaurant,food_organic,450,2026-07-07,460.5
969,9,restaurant,food_organic,450,2026-07-08,454.6
970,9,restaurant,food_organic,450,2026-07-10,468.7
971,9,restaurant,food_organic,450,2026-07-11,563.6
972,9,restaurant,food_organic,450,2026-07-12,620.3
973,9,restaurant,food_organic,450,2026-07-13,500.5
974,9,restaurant,food_organic,450,2026-07-14,491.5
975,9,restaurant,food_organic,450,2026-07-15,408.7
976,9,restaurant,food_organic,450,2026-07-16,432.0
977,9,restaurant,food_organic,450,2026-07-17,430.8
978,9,restaurant,food_organic,450,2026-07-18,519.2
979,9,restaurant,food_organic,450,2026-07-19,478.8
980,9,restaurant,food_organic,450,2026-07-20,448.8
981,9,restaurant,food_organic,450,2026-07-21,458.3
982,9,restaurant,food_organic,450,2026-07-22,496.5
983,9,restaurant,food_organic,450,2026-07-23,409.6
984,9,restaurant,food_organic,450,2026-07-24,428.4
985,9,restaurant,food_organic,450,2026-07-25,444.5
986,9,restaurant,food_organic,450,2026-07-26,447.7
987,9,restaurant,food_organic,450,2026-07-27,411.1
988,9,restaurant,food_organic,450,2026-07-28,399.7
989,9,restaurant,food_organic,450,2026-07-29,442.6
990,9,restaurant,food_organic,450,2026-07-30,402.1
991,9,restaurant,food_organic,450,2026-07-31,388.9
992,9,restaurant,food_organic,450,2026-08-01,512.0
993,9,restaurant,food_organic,450,2026-08-02,554.8
994,9,restaurant,food_organic,450,2026-08-03,436.2
995,9,restaurant,food_organic,450,2026-08-04,423.4
996,9,restaurant,food_organic,450,2026-08-05,448.4
997,9,restaurant,food_organic,450,2026-08-06,428.8
998,9,restaurant,food_organic,450,2026-08-07,428.5
999,9,restaurant,food_organic,450,2026-08-08,484.2
1000,9,restaurant,food_organic,450,2026-08-09,542.0
1001,9,restaurant,food_organic,450,2026-08-10,480.6
1002,9,restaurant,food_organic,450,2026-08-11,486.4
1003,9,restaurant,food_organic,450,2026-08-12,486.8
1004,9,restaurant,food_organic,450,2026-08-13,442.1
1005,9,restaurant,food_organic,450,2026-08-14,435.8
1006,9,restaurant,food_organic,450,2026-08-15,536.5
1007,9,restaurant,food_organic,450,2026-08-16,558.2
1008,9,restaurant,food_organic,450,2026-08-17,465.8
1009,9,restaurant,food_organic,450,2026-08-19,442.0
1010,9,restaurant,food_organic,450,2026-08-20,395.2
1011,9,restaurant,food_organic,450,2026-08-21,433.4
1012,9,restaurant,food_organic,450,2026-08-22,477.5
1013,9,restaurant,food_organic,450,2026-08-23,415.6
1014,9,restaurant,food_organic,450,2026-08-24,412.5
1015,9,restaurant,food_organic,450,2026-08-25,445.7
1016,9,restaurant,food_organic,450,2026-08-26,450.6
1017,9,restaurant,food_organic,450,2026-08-27,460.0
1018,9,restaurant,food_organic,450,2026-08-28,418.3
1019,9,restaurant,food_organic,450,2026-08-29,433.9
1020,9,restaurant,food_organic,450,2026-08-30,531.4
1021,9,restaurant,food_organic,450,2026-08-31,458.6
1022,9,restaurant,food_organic,450,2026-09-01,456.6
1023,9,restaurant,food_organic,450,2026-09-02,422.4
1024,9,restaurant,food_organic,450,2026-09-03,418.1
1025,9,restaurant,food_organic,450,2026-09-04,422.6
1026,9,restaurant,food_organic,450,2026-09-05,505.8
1027,9,restaurant,food_organic,450,2026-09-06,492.1
1028,9,restaurant,food_organic,450,2026-09-07,449.2
1029,9,restaurant,food_organic,450,2026-09-08,445.1
1030,9,restaurant,food_organic,450,2026-09-09,418.9
1031,9,restaurant,food_organic,450,2026-09-10,485.3
1032,9,restaurant,food_organic,450,2026-09-11,399.1
1033,9,restaurant,food_organic,450,2026-09-12,514.1
1034,9,restaurant,food_organic,450,2026-09-13,556.4
1035,9,restaurant,food_organic,450,2026-09-14,484.6
1036,9,restaurant,food_organic,450,2026-09-15,438.9
1037,9,restaurant,food_organic,450,2026-09-16,455.9
1038,9,restaurant,food_organic,450,2026-09-17,426.3
1039,9,restaurant,food_organic,450,2026-09-18,426.7
1040,9,restaurant,food_organic,450,2026-09-19,563.5
1041,9,restaurant,food_organic,450,2026-09-20,492.7
1042,9,restaurant,food_organic,450,2026-09-21,482.2
1043,9,restaurant,food_organic,450,2026-09-22,416.2
1044,9,restaurant,food_organic,450,2026-09-23,379.2
1045,9,restaurant,food_organic,450,2026-09-24,437.8
1046,9,restaurant,food_organic,450,2026-09-25,404.4
1047,9,restaurant,food_organic,450,2026-09-26,421.8
1048,9,restaurant,food_organic,450,2026-09-27,448.8
1049,9,restaurant,food_organic,450,2026-09-28,422.0
1050,9,restaurant,food_organic,450,2026-09-29,373.9
1051,9,restaurant,food_organic,450,2026-09-30,464.1
1052,9,restaurant,food_organic,450,2026-10-01,436.1
1053,9,restaurant,food_organic,450,2026-10-02,482.8
1054,9,restaurant,food_organic,450,2026-10-03,555.2
1055,9,restaurant,food_organic,450,2026-10-04,552.3
1056,9,restaurant,food_organic,450,2026-10-05,480.3
1057,9,restaurant,food_organic,450,2026-10-06,470.3
1058,9,restaurant,food_organic,450,2026-10-07,519.4
1059,10,restaurant,food_organic,380,2026-06-10,352.1
1060,10,restaurant,food_organic,380,2026-06-11,423.2
1061,10,restaurant,food_organic,380,2026-06-12,403.0
1062,10,restaurant,food_organic,380,2026-06-13,443.0
1063,10,restaurant,food_organic,380,2026-06-14,436.7
1064,10,restaurant,food_organic,380,2026-06-15,452.3
1065,10,restaurant,food_organic,380,2026-06-16,377.6
1066,10,restaurant,food_organic,380,2026-06-17,361.7
1067,10,restaurant,food_organic,380,2026-06-18,371.8
1068,10,restaurant,food_organic,380,2026-06-19,389.4
1069,10,restaurant,food_organic,380,2026-06-20,437.6
1070,10,restaurant,food_organic,380,2026-06-21,418.7
1071,10,restaurant,food_organic,380,2026-06-22,390.7
1072,10,restaurant,food_organic,380,2026-06-23,339.7
1073,10,restaurant,food_organic,380,2026-06-24,337.7
1074,10,restaurant,food_organic,380,2026-06-25,363.4
1075,10,restaurant,food_organic,380,2026-06-26,355.5
1076,10,restaurant,food_organic,380,2026-06-27,412.2
1077,10,restaurant,food_organic,380,2026-06-28,412.2
1078,10,restaurant,food_organic,380,2026-06-29,350.4
1079,10,restaurant,food_organic,380,2026-06-30,365.1
1080,10,restaurant,food_organic,380,2026-07-01,364.9
1081,10,restaurant,food_organic,380,2026-07-02,397.3
1082,10,restaurant,food_organic,380,2026-07-03,371.5
1083,10,restaurant,food_organic,380,2026-07-04,427.3
1084,10,restaurant,food_organic,380,2026-07-05,448.5
1085,10,restaurant,food_organic,380,2026-07-06,397.8
1086,10,restaurant,food_organic,380,2026-07-07,428.0
1087,10,restaurant,food_organic,380,2026-07-08,372.0
1088,10,restaurant,food_organic,380,2026-07-09,353.1
1089,10,restaurant,food_organic,380,2026-07-10,420.2
1090,10,restaurant,food_organic,380,2026-07-11,426.3
1091,10,restaurant,food_organic,380,2026-07-12,514.6
1092,10,restaurant,food_organic,380,2026-07-13,418.1
1093,10,restaurant,food_organic,380,2026-07-14,402.3
1094,10,restaurant,food_organic,380,2026-07-15,347.1
1095,10,restaurant,food_organic,380,2026-07-16,447.6
1096,10,restaurant,food_organic,380,2026-07-17,452.3
1097,10,restaurant,food_organic,380,2026-07-18,483.6
1098,10,restaurant,food_organic,380,2026-07-19,431.1
1099,10,restaurant,food_organic,380,2026-07-20,415.5
1100,10,restaurant,food_organic,380,2026-07-21,355.5
1101,10,restaurant,food_organic,380,2026-07-22,353.3
1102,10,restaurant,food_organic,380,2026-07-23,346.6
1103,10,restaurant,food_organic,380,2026-07-24,1062.1
1104,10,restaurant,food_organic,380,2026-07-25,414.3
1105,10,restaurant,food_organic,380,2026-07-26,428.8
1106,10,restaurant,food_organic,380,2026-07-27,354.6
1107,10,restaurant,food_organic,380,2026-07-28,394.9
1108,10,restaurant,food_organic,380,2026-07-29,356.5
1109,10,restaurant,food_organic,380,2026-07-30,392.2
1110,10,restaurant,food_organic,380,2026-07-31,392.5
1111,10,restaurant,food_organic,380,2026-08-01,454.1
1112,10,restaurant,food_organic,380,2026-08-02,399.4
1113,10,restaurant,food_organic,380,2026-08-03,362.2
1114,10,restaurant,food_organic,380,2026-08-04,344.0
1115,10,restaurant,food_organic,380,2026-08-05,377.5
1116,10,restaurant,food_organic,380,2026-08-06,353.0
1117,10,restaurant,food_organic,380,2026-08-07,408.6
1118,10,restaurant,food_organic,380,2026-08-08,441.0
1119,10,restaurant,food_organic,380,2026-08-09,487.0
1120,10,restaurant,food_organic,380,2026-08-10,420.8
1121,10,restaurant,food_organic,380,2026-08-12,365.5
1122,10,restaurant,food_organic,380,2026-08-13,426.7
1123,10,restaurant,food_organic,380,2026-08-14,384.2
1124,10,restaurant,food_organic,380,2026-08-15,444.3
1125,10,restaurant,food_organic,380,2026-08-16,483.0
1126,10,restaurant,food_organic,380,2026-08-17,344.2
1127,10,restaurant,food_organic,380,2026-08-18,414.8
1128,10,restaurant,food_organic,380,2026-08-19,366.2
1129,10,restaurant,food_organic,380,2026-08-20,372.6
1130,10,restaurant,food_organic,380,2026-08-21,361.4
1131,10,restaurant,food_organic,380,2026-08-22,387.0
1132,10,restaurant,food_organic,380,2026-08-23,449.9
1133,10,restaurant,food_organic,380,2026-08-24,345.6
1134,10,restaurant,food_organic,380,2026-08-25,363.0
1135,10,restaurant,food_organic,380,2026-08-26,339.9
1136,10,restaurant,food_organic,380,2026-08-27,359.7
1137,10,restaurant,food_organic,380,2026-08-28,364.0
1138,10,restaurant,food_organic,380,2026-08-29,402.3
1139,10,restaurant,food_organic,380,2026-08-30,374.8
1140,10,restaurant,food_organic,380,2026-08-31,370.3
1141,10,restaurant,food_organic,380,2026-09-01,371.1
1142,10,restaurant,food_organic,380,2026-09-02,339.7
1143,10,restaurant,food_organic,380,2026-09-03,308.3
1144,10,restaurant,food_organic,380,2026-09-04,368.4
1145,10,restaurant,food_organic,380,2026-09-05,463.4
1146,10,restaurant,food_organic,380,2026-09-06,478.7
1147,10,restaurant,food_organic,380,2026-09-07,392.0
1148,10,restaurant,food_organic,380,2026-09-08,370.4
1149,10,restaurant,food_organic,380,2026-09-09,382.7
1150,10,restaurant,food_organic,380,2026-09-10,363.5
1151,10,restaurant,food_organic,380,2026-09-11,344.5
1152,10,restaurant,food_organic,380,2026-09-12,434.8
1153,10,restaurant,food_organic,380,2026-09-13,453.6
1154,10,restaurant,food_organic,380,2026-09-14,391.1
1155,10,restaurant,food_organic,380,2026-09-15,394.6
1156,10,restaurant,food_organic,380,2026-09-16,397.3
1157,10,restaurant,food_organic,380,2026-09-17,361.9
1158,10,restaurant,food_organic,380,2026-09-18,352.6
1159,10,restaurant,food_organic,380,2026-09-19,482.4
1160,10,restaurant,food_organic,380,2026-09-20,441.0
1161,10,restaurant,food_organic,380,2026-09-21,341.6
1162,10,restaurant,food_organic,380,2026-09-22,377.9
1163,10,restaurant,food_organic,380,2026-09-23,368.6
1164,10,restaurant,food_organic,380,2026-09-24,361.1
1165,10,restaurant,food_organic,380,2026-09-25,375.4
1166,10,restaurant,food_organic,380,2026-09-26,394.2
1167,10,restaurant,food_organic,380,2026-09-27,391.5
1168,10,restaurant,food_organic,380,2026-09-28,341.2
1169,10,restaurant,food_organic,380,2026-09-29,334.2
1170,10,restaurant,food_organic,380,2026-09-30,329.0
1171,10,restaurant,food_organic,380,2026-10-02,411.6
1172,10,restaurant,food_organic,380,2026-10-03,387.2
1173,10,restaurant,food_organic,380,2026-10-04,505.9
1174,10,restaurant,food_organic,380,2026-10-05,411.0
1175,10,restaurant,food_organic,380,2026-10-06,391.3
1176,10,restaurant,food_organic,380,2026-10-07,441.3
1177,11,hotel,mixed_organic,720,2026-06-10,651.7
1178,11,hotel,mixed_organic,720,2026-06-11,747.8
1179,11,hotel,mixed_organic,720,2026-06-12,784.3
1180,11,hotel,mixed_organic,720,2026-06-13,866.8
1181,11,hotel,mixed_organic,720,2026-06-14,841.4
1182,11,hotel,mixed_organic,720,2026-06-15,802.9
1183,11,hotel,mixed_organic,720,2026-06-16,929.7
1184,11,hotel,mixed_organic,720,2026-06-17,761.8
1185,11,hotel,mixed_organic,720,2026-06-18,691.0
1186,11,hotel,mixed_organic,720,2026-06-19,2188.7
1187,11,hotel,mixed_organic,720,2026-06-20,856.7
1188,11,hotel,mixed_organic,720,2026-06-21,892.4
1189,11,hotel,mixed_organic,720,2026-06-22,564.5
1190,11,hotel,mixed_organic,720,2026-06-23,680.8
1191,11,hotel,mixed_organic,720,2026-06-24,643.5
1192,11,hotel,mixed_organic,720,2026-06-25,693.5
1193,11,hotel,mixed_organic,720,2026-06-26,772.7
1194,11,hotel,mixed_organic,720,2026-06-27,740.9
1195,11,hotel,mixed_organic,720,2026-06-28,809.4
1196,11,hotel,mixed_organic,720,2026-06-29,670.1
1197,11,hotel,mixed_organic,720,2026-06-30,654.7
1198,11,hotel,mixed_organic,720,2026-07-01,791.0
1199,11,hotel,mixed_organic,720,2026-07-02,682.3
1200,11,hotel,mixed_organic,720,2026-07-03,695.5
1201,11,hotel,mixed_organic,720,2026-07-04,833.8
1202,11,hotel,mixed_organic,720,2026-07-05,816.8
1203,11,hotel,mixed_organic,720,2026-07-06,678.5
1204,11,hotel,mixed_organic,720,2026-07-07,754.4
1205,11,hotel,mixed_organic,720,2026-07-08,746.9
1206,11,hotel,mixed_organic,720,2026-07-09,710.5
1207,11,hotel,mixed_organic,720,2026-07-10,745.3
1208,11,hotel,mixed_organic,720,2026-07-11,908.6
1209,11,hotel,mixed_organic,720,2026-07-13,808.3
1210,11,hotel,mixed_organic,720,2026-07-14,812.5
1211,11,hotel,mixed_organic,720,2026-07-15,795.3
1212,11,hotel,mixed_organic,720,2026-07-16,816.1
1213,11,hotel,mixed_organic,720,2026-07-17,651.0
1214,11,hotel,mixed_organic,720,2026-07-18,858.7
1215,11,hotel,mixed_organic,720,2026-07-19,891.9
1216,11,hotel,mixed_organic,720,2026-07-20,734.3
1217,11,hotel,mixed_organic,720,2026-07-21,630.9
1218,11,hotel,mixed_organic,720,2026-07-22,788.4
1219,11,hotel,mixed_organic,720,2026-07-23,744.8
1220,11,hotel,mixed_organic,720,2026-07-24,731.0
1221,11,hotel,mixed_organic,720,2026-07-25,773.2
1222,11,hotel,mixed_organic,720,2026-07-26,733.9
1223,11,hotel,mixed_organic,720,2026-07-27,616.9
1224,11,hotel,mixed_organic,720,2026-07-28,682.3
1225,11,hotel,mixed_organic,720,2026-07-29,654.0
1226,11,hotel,mixed_organic,720,2026-07-30,612.1
1227,11,hotel,mixed_organic,720,2026-07-31,750.9
1228,11,hotel,mixed_organic,720,2026-08-01,831.5
1229,11,hotel,mixed_organic,720,2026-08-02,840.5
1230,11,hotel,mixed_organic,720,2026-08-03,709.4
1231,11,hotel,mixed_organic,720,2026-08-04,739.5
1232,11,hotel,mixed_organic,720,2026-08-05,730.5
1233,11,hotel,mixed_organic,720,2026-08-06,780.9
1234,11,hotel,mixed_organic,720,2026-08-07,717.8
1235,11,hotel,mixed_organic,720,2026-08-08,844.8
1236,11,hotel,mixed_organic,720,2026-08-09,877.5
1237,11,hotel,mixed_organic,720,2026-08-10,694.9
1238,11,hotel,mixed_organic,720,2026-08-11,743.8
1239,11,hotel,mixed_organic,720,2026-08-12,800.3
1240,11,hotel,mixed_organic,720,2026-08-13,799.8
1241,11,hotel,mixed_organic,720,2026-08-14,745.1
1242,11,hotel,mixed_organic,720,2026-08-15,824.1
1243,11,hotel,mixed_organic,720,2026-08-16,804.1
1244,11,hotel,mixed_organic,720,2026-08-17,781.9
1245,11,hotel,mixed_organic,720,2026-08-18,675.2
1246,11,hotel,mixed_organic,720,2026-08-19,699.5
1247,11,hotel,mixed_organic,720,2026-08-20,732.4
1248,11,hotel,mixed_organic,720,2026-08-21,737.0
1249,11,hotel,mixed_organic,720,2026-08-22,846.8
1250,11,hotel,mixed_organic,720,2026-08-23,846.2
1251,11,hotel,mixed_organic,720,2026-08-24,780.0
1252,11,hotel,mixed_organic,720,2026-08-25,643.7
1253,11,hotel,mixed_organic,720,2026-08-26,627.0
1254,11,hotel,mixed_organic,720,2026-08-27,660.1
1255,11,hotel,mixed_organic,720,2026-08-28,660.4
1256,11,hotel,mixed_organic,720,2026-08-29,811.1
1257,11,hotel,mixed_organic,720,2026-08-30,741.3
1258,11,hotel,mixed_organic,720,2026-08-31,709.3
1259,11,hotel,mixed_organic,720,2026-09-01,619.4
1260,11,hotel,mixed_organic,720,2026-09-02,746.6
1261,11,hotel,mixed_organic,720,2026-09-03,726.8
1262,11,hotel,mixed_organic,720,2026-09-05,805.8
1263,11,hotel,mixed_organic,720,2026-09-06,907.0
1264,11,hotel,mixed_organic,720,2026-09-07,769.5
1265,11,hotel,mixed_organic,720,2026-09-08,855.5
1266,11,hotel,mixed_organic,720,2026-09-09,770.2
1267,11,hotel,mixed_organic,720,2026-09-10,843.0
1268,11,hotel,mixed_organic,720,2026-09-11,765.4
1269,11,hotel,mixed_organic,720,2026-09-12,943.8
1270,11,hotel,mixed_organic,720,2026-09-13,925.4
1271,11,hotel,mixed_organic,720,2026-09-15,774.9
1272,11,hotel,mixed_organic,720,2026-09-16,796.6
1273,11,hotel,mixed_organic,720,2026-09-17,856.9
1274,11,hotel,mixed_organic,720,2026-09-18,772.4
1275,11,hotel,mixed_organic,720,2026-09-19,862.1
1276,11,hotel,mixed_organic,720,2026-09-20,801.4
1277,11,hotel,mixed_organic,720,2026-09-21,752.3
1278,11,hotel,mixed_organic,720,2026-09-22,712.7
1279,11,hotel,mixed_organic,720,2026-09-23,657.8
1280,11,hotel,mixed_organic,720,2026-09-24,739.5
1281,11,hotel,mixed_organic,720,2026-09-25,691.0
1282,11,hotel,mixed_organic,720,2026-09-26,698.3
1283,11,hotel,mixed_organic,720,2026-09-27,774.5
1284,11,hotel,mixed_organic,720,2026-09-28,648.9
1285,11,hotel,mixed_organic,720,2026-09-29,716.7
1286,11,hotel,mixed_organic,720,2026-09-30,718.4
1287,11,hotel,mixed_organic,720,2026-10-01,758.9
1288,11,hotel,mixed_organic,720,2026-10-02,807.5
1289,11,hotel,mixed_organic,720,2026-10-03,990.4
1290,11,hotel,mixed_organic,720,2026-10-04,800.8
1291,11,hotel,mixed_organic,720,2026-10-05,771.5
1292,11,hotel,mixed_organic,720,2026-10-06,825.2
1293,11,hotel,mixed_organic,720,2026-10-07,866.6
1294,12,market,food_organic,1500,2026-06-10,1735.8
1295,12,market,food_organic,1500,2026-06-11,1416.3
1296,12,market,food_organic,1500,2026-06-12,1569.9
1297,12,market,food_organic,1500,2026-06-13,1837.3
1298,12,market,food_organic,1500,2026-06-14,1811.2
1299,12,market,food_organic,1500,2026-06-15,1416.8
1300,12,market,food_organic,1500,2026-06-16,1623.1
1301,12,market,food_organic,1500,2026-06-17,1498.3
1302,12,market,food_organic,1500,2026-06-18,1508.9
1303,12,market,food_organic,1500,2026-06-19,1489.7
1304,12,market,food_organic,1500,2026-06-21,1720.6
1305,12,market,food_organic,1500,2026-06-22,1335.0
1306,12,market,food_organic,1500,2026-06-23,1556.7
1307,12,market,food_organic,1500,2026-06-24,1473.6
1308,12,market,food_organic,1500,2026-06-25,1421.1
1309,12,market,food_organic,1500,2026-06-27,1729.8
1310,12,market,food_organic,1500,2026-06-28,1646.0
1311,12,market,food_organic,1500,2026-06-29,1442.5
1312,12,market,food_organic,1500,2026-06-30,1198.4
1313,12,market,food_organic,1500,2026-07-01,1258.3
1314,12,market,food_organic,1500,2026-07-02,1545.3
1315,12,market,food_organic,1500,2026-07-03,1375.5
1316,12,market,food_organic,1500,2026-07-04,1654.3
1317,12,market,food_organic,1500,2026-07-05,1771.5
1318,12,market,food_organic,1500,2026-07-06,1472.6
1319,12,market,food_organic,1500,2026-07-07,1498.1
1320,12,market,food_organic,1500,2026-07-08,1517.9
1321,12,market,food_organic,1500,2026-07-09,1556.1
1322,12,market,food_organic,1500,2026-07-10,1754.4
1323,12,market,food_organic,1500,2026-07-11,1962.6
1324,12,market,food_organic,1500,2026-07-12,1965.4
1325,12,market,food_organic,1500,2026-07-13,1606.0
1326,12,market,food_organic,1500,2026-07-14,1551.6
1327,12,market,food_organic,1500,2026-07-15,1504.8
1328,12,market,food_organic,1500,2026-07-16,1777.7
1329,12,market,food_organic,1500,2026-07-17,1806.5
1330,12,market,food_organic,1500,2026-07-19,1719.6
1331,12,market,food_organic,1500,2026-07-20,1488.7
1332,12,market,food_organic,1500,2026-07-21,1549.8
1333,12,market,food_organic,1500,2026-07-22,1361.6
1334,12,market,food_organic,1500,2026-07-23,1515.0
1335,12,market,food_organic,1500,2026-07-24,1435.0
1336,12,market,food_organic,1500,2026-07-25,1670.8
1337,12,market,food_organic,1500,2026-07-26,1653.9
1338,12,market,food_organic,1500,2026-07-27,1358.8
1339,12,market,food_organic,1500,2026-07-28,1365.2
1340,12,market,food_organic,1500,2026-07-29,1499.0
1341,12,market,food_organic,1500,2026-07-30,1511.8
1342,12,market,food_organic,1500,2026-07-31,1288.5
1343,12,market,food_organic,1500,2026-08-01,1789.1
1344,12,market,food_organic,1500,2026-08-02,1713.9
1345,12,market,food_organic,1500,2026-08-03,1488.6
1346,12,market,food_organic,1500,2026-08-04,1644.3
1347,12,market,food_organic,1500,2026-08-05,1458.7
1348,12,market,food_organic,1500,2026-08-06,1570.3
1349,12,market,food_organic,1500,2026-08-07,1621.6
1350,12,market,food_organic,1500,2026-08-08,1833.1
1351,12,market,food_organic,1500,2026-08-09,1976.5
1352,12,market,food_organic,1500,2026-08-10,1697.3
1353,12,market,food_organic,1500,2026-08-11,1522.2
1354,12,market,food_organic,1500,2026-08-12,1688.6
1355,12,market,food_organic,1500,2026-08-13,1610.4
1356,12,market,food_organic,1500,2026-08-14,1778.9
1357,12,market,food_organic,1500,2026-08-15,2011.0
1358,12,market,food_organic,1500,2026-08-16,1846.8
1359,12,market,food_organic,1500,2026-08-17,1580.9
1360,12,market,food_organic,1500,2026-08-18,1462.3
1361,12,market,food_organic,1500,2026-08-19,1538.3
1362,12,market,food_organic,1500,2026-08-20,1525.7
1363,12,market,food_organic,1500,2026-08-21,1483.3
1364,12,market,food_organic,1500,2026-08-22,1777.7
1365,12,market,food_organic,1500,2026-08-23,1816.8
1366,12,market,food_organic,1500,2026-08-24,1583.1
1367,12,market,food_organic,1500,2026-08-25,1375.6
1368,12,market,food_organic,1500,2026-08-26,1523.4
1369,12,market,food_organic,1500,2026-08-27,1473.8
1370,12,market,food_organic,1500,2026-08-28,1370.5
1371,12,market,food_organic,1500,2026-08-30,1579.1
1372,12,market,food_organic,1500,2026-08-31,1298.6
1373,12,market,food_organic,1500,2026-09-01,1424.2
1374,12,market,food_organic,1500,2026-09-02,1515.1
1375,12,market,food_organic,1500,2026-09-03,1447.4
1376,12,market,food_organic,1500,2026-09-04,1409.5
1377,12,market,food_organic,1500,2026-09-05,1785.4
1378,12,market,food_organic,1500,2026-09-06,1901.6
1379,12,market,food_organic,1500,2026-09-07,1688.0
1380,12,market,food_organic,1500,2026-09-08,1501.4
1381,12,market,food_organic,1500,2026-09-10,1868.2
1382,12,market,food_organic,1500,2026-09-11,1640.4
1383,12,market,food_organic,1500,2026-09-12,1962.5
1384,12,market,food_organic,1500,2026-09-13,1757.5
1385,12,market,food_organic,1500,2026-09-14,1404.9
1386,12,market,food_organic,1500,2026-09-15,1592.5
1387,12,market,food_organic,1500,2026-09-16,1480.7
1388,12,market,food_organic,1500,2026-09-17,1726.8
1389,12,market,food_organic,1500,2026-09-18,1526.7
1390,12,market,food_organic,1500,2026-09-20,1787.7
1391,12,market,food_organic,1500,2026-09-21,1461.8
1392,12,market,food_organic,1500,2026-09-22,1505.1
1393,12,market,food_organic,1500,2026-09-23,1574.5
1394,12,market,food_organic,1500,2026-09-24,1472.1
1395,12,market,food_organic,1500,2026-09-25,1460.0
1396,12,market,food_organic,1500,2026-09-26,1600.9
1397,12,market,food_organic,1500,2026-09-27,1674.9
1398,12,market,food_organic,1500,2026-09-28,1666.0
1399,12,market,food_organic,1500,2026-09-29,1369.6
1400,12,market,food_organic,1500,2026-09-30,1476.7
1401,12,market,food_organic,1500,2026-10-01,1596.5
1402,12,market,food_organic,1500,2026-10-02,1720.8
1403,12,market,food_organic,1500,2026-10-03,1784.6
1404,12,market,food_organic,1500,2026-10-04,1941.6
1405,12,market,food_organic,1500,2026-10-05,1794.2
1406,12,market,food_organic,1500,2026-10-06,1689.8
1407,12,market,food_organic,1500,2026-10-07,1790.9
1408,13,manufacturing,packaging_mixed,900,2026-06-10,931.0
1409,13,manufacturing,packaging_mixed,900,2026-06-11,960.6
1410,13,manufacturing,packaging_mixed,900,2026-06-12,986.1
1411,13,manufacturing,packaging_mixed,900,2026-06-13,539.5
1412,13,manufacturing,packaging_mixed,900,2026-06-14,490.3
1413,13,manufacturing,packaging_mixed,900,2026-06-15,968.5
1414,13,manufacturing,packaging_mixed,900,2026-06-16,878.4
1415,13,manufacturing,packaging_mixed,900,2026-06-17,964.4
1416,13,manufacturing,packaging_mixed,900,2026-06-18,997.8
1417,13,manufacturing,packaging_mixed,900,2026-06-19,895.3
1418,13,manufacturing,packaging_mixed,900,2026-06-20,472.2
1419,13,manufacturing,packaging_mixed,900,2026-06-21,493.2
1420,13,manufacturing,packaging_mixed,900,2026-06-22,942.3
1421,13,manufacturing,packaging_mixed,900,2026-06-23,786.5
1422,13,manufacturing,packaging_mixed,900,2026-06-25,909.3
1423,13,manufacturing,packaging_mixed,900,2026-06-26,794.7
1424,13,manufacturing,packaging_mixed,900,2026-06-27,425.3
1425,13,manufacturing,packaging_mixed,900,2026-06-28,464.9
1426,13,manufacturing,packaging_mixed,900,2026-06-29,835.2
1427,13,manufacturing,packaging_mixed,900,2026-06-30,814.3
1428,13,manufacturing,packaging_mixed,900,2026-07-01,844.3
1429,13,manufacturing,packaging_mixed,900,2026-07-02,771.0
1430,13,manufacturing,packaging_mixed,900,2026-07-03,932.0
1431,13,manufacturing,packaging_mixed,900,2026-07-04,459.7
1432,13,manufacturing,packaging_mixed,900,2026-07-05,465.0
1433,13,manufacturing,packaging_mixed,900,2026-07-06,884.8
1434,13,manufacturing,packaging_mixed,900,2026-07-07,952.8
1435,13,manufacturing,packaging_mixed,900,2026-07-08,951.9
1436,13,manufacturing,packaging_mixed,900,2026-07-09,983.0
1437,13,manufacturing,packaging_mixed,900,2026-07-10,876.9
1438,13,manufacturing,packaging_mixed,900,2026-07-11,539.2
1439,13,manufacturing,packaging_mixed,900,2026-07-12,483.5
1440,13,manufacturing,packaging_mixed,900,2026-07-13,1079.0
1441,13,manufacturing,packaging_mixed,900,2026-07-14,987.3
1442,13,manufacturing,packaging_mixed,900,2026-07-15,1004.7
1443,13,manufacturing,packaging_mixed,900,2026-07-16,933.0
1444,13,manufacturing,packaging_mixed,900,2026-07-17,996.3
1445,13,manufacturing,packaging_mixed,900,2026-07-18,570.2
1446,13,manufacturing,packaging_mixed,900,2026-07-19,533.0
1447,13,manufacturing,packaging_mixed,900,2026-07-20,1056.9
1448,13,manufacturing,packaging_mixed,900,2026-07-21,851.0
1449,13,manufacturing,packaging_mixed,900,2026-07-22,932.4
1450,13,manufacturing,packaging_mixed,900,2026-07-23,922.4
1451,13,manufacturing,packaging_mixed,900,2026-07-24,827.0
1452,13,manufacturing,packaging_mixed,900,2026-07-25,457.1
1453,13,manufacturing,packaging_mixed,900,2026-07-26,489.4
1454,13,manufacturing,packaging_mixed,900,2026-07-27,854.5
1455,13,manufacturing,packaging_mixed,900,2026-07-28,821.5
1456,13,manufacturing,packaging_mixed,900,2026-07-29,809.6
1457,13,manufacturing,packaging_mixed,900,2026-07-30,893.7
1458,13,manufacturing,packaging_mixed,900,2026-07-31,899.9
1459,13,manufacturing,packaging_mixed,900,2026-08-01,513.9
1460,13,manufacturing,packaging_mixed,900,2026-08-02,458.2
1461,13,manufacturing,packaging_mixed,900,2026-08-03,948.1
1462,13,manufacturing,packaging_mixed,900,2026-08-04,1016.0
1463,13,manufacturing,packaging_mixed,900,2026-08-05,919.9
1464,13,manufacturing,packaging_mixed,900,2026-08-06,878.9
1465,13,manufacturing,packaging_mixed,900,2026-08-07,955.2
1466,13,manufacturing,packaging_mixed,900,2026-08-08,472.6
1467,13,manufacturing,packaging_mixed,900,2026-08-09,511.8
1468,13,manufacturing,packaging_mixed,900,2026-08-10,965.9
1469,13,manufacturing,packaging_mixed,900,2026-08-11,1011.2
1470,13,manufacturing,packaging_mixed,900,2026-08-12,985.7
1471,13,manufacturing,packaging_mixed,900,2026-08-13,1009.5
1472,13,manufacturing,packaging_mixed,900,2026-08-14,1037.9
1473,13,manufacturing,packaging_mixed,900,2026-08-15,557.9
1474,13,manufacturing,packaging_mixed,900,2026-08-16,511.3
1475,13,manufacturing,packaging_mixed,900,2026-08-17,1039.7
1476,13,manufacturing,packaging_mixed,900,2026-08-18,877.5
1477,13,manufacturing,packaging_mixed,900,2026-08-19,974.0
1478,13,manufacturing,packaging_mixed,900,2026-08-20,1046.2
1479,13,manufacturing,packaging_mixed,900,2026-08-21,1009.5
1480,13,manufacturing,packaging_mixed,900,2026-08-22,460.4
1481,13,manufacturing,packaging_mixed,900,2026-08-23,552.5
1482,13,manufacturing,packaging_mixed,900,2026-08-24,1019.0
1483,13,manufacturing,packaging_mixed,900,2026-08-25,868.4
1484,13,manufacturing,packaging_mixed,900,2026-08-26,883.5
1485,13,manufacturing,packaging_mixed,900,2026-08-27,797.3
1486,13,manufacturing,packaging_mixed,900,2026-08-28,950.4
1487,13,manufacturing,packaging_mixed,900,2026-08-29,470.8
1488,13,manufacturing,packaging_mixed,900,2026-08-30,500.2
1489,13,manufacturing,packaging_mixed,900,2026-08-31,990.8
1490,13,manufacturing,packaging_mixed,900,2026-09-01,848.9
1491,13,manufacturing,packaging_mixed,900,2026-09-02,972.0
1492,13,manufacturing,packaging_mixed,900,2026-09-03,826.9
1493,13,manufacturing,packaging_mixed,900,2026-09-04,899.9
1494,13,manufacturing,packaging_mixed,900,2026-09-05,1571.9
1495,13,manufacturing,packaging_mixed,900,2026-09-06,587.9
1496,13,manufacturing,packaging_mixed,900,2026-09-07,919.1
1497,13,manufacturing,packaging_mixed,900,2026-09-08,1000.9
1498,13,manufacturing,packaging_mixed,900,2026-09-09,962.9
1499,13,manufacturing,packaging_mixed,900,2026-09-10,1008.5
1500,13,manufacturing,packaging_mixed,900,2026-09-11,875.3
1501,13,manufacturing,packaging_mixed,900,2026-09-12,614.2
1502,13,manufacturing,packaging_mixed,900,2026-09-13,535.0
1503,13,manufacturing,packaging_mixed,900,2026-09-14,1015.9
1504,13,manufacturing,packaging_mixed,900,2026-09-15,1073.2
1505,13,manufacturing,packaging_mixed,900,2026-09-16,807.2
1506,13,manufacturing,packaging_mixed,900,2026-09-17,968.9
1507,13,manufacturing,packaging_mixed,900,2026-09-18,885.6
1508,13,manufacturing,packaging_mixed,900,2026-09-19,506.4
1509,13,manufacturing,packaging_mixed,900,2026-09-20,480.0
1510,13,manufacturing,packaging_mixed,900,2026-09-21,929.8
1511,13,manufacturing,packaging_mixed,900,2026-09-22,889.5
1512,13,manufacturing,packaging_mixed,900,2026-09-23,861.0
1513,13,manufacturing,packaging_mixed,900,2026-09-24,907.0
1514,13,manufacturing,packaging_mixed,900,2026-09-25,918.4
1515,13,manufacturing,packaging_mixed,900,2026-09-26,442.6
1516,13,manufacturing,packaging_mixed,900,2026-09-28,947.2
1517,13,manufacturing,packaging_mixed,900,2026-09-29,795.5
1518,13,manufacturing,packaging_mixed,900,2026-09-30,938.0
1519,13,manufacturing,packaging_mixed,900,2026-10-01,922.8
1520,13,manufacturing,packaging_mixed,900,2026-10-02,834.3
1521,13,manufacturing,packaging_mixed,900,2026-10-03,525.4
1522,13,manufacturing,packaging_mixed,900,2026-10-04,536.8
1523,13,manufacturing,packaging_mixed,900,2026-10-05,888.5
1524,13,manufacturing,packaging_mixed,900,2026-10-06,1024.6
1525,13,manufacturing,packaging_mixed,900,2026-10-07,1047.6
1526,14,food_processing,food_organic,1300,2026-06-10,1461.8
1527,14,food_processing,food_organic,1300,2026-06-11,1371.4
1528,14,food_processing,food_organic,1300,2026-06-12,1397.4
1529,14,food_processing,food_organic,1300,2026-06-13,1440.5
1530,14,food_processing,food_organic,1300,2026-06-14,1283.6
1531,14,food_processing,food_organic,1300,2026-06-15,1405.3
1532,14,food_processing,food_organic,1300,2026-06-16,1515.9
1533,14,food_processing,food_organic,1300,2026-06-17,1261.6
1534,14,food_processing,food_organic,1300,2026-06-19,1518.8
1535,14,food_processing,food_organic,1300,2026-06-20,1260.7
1536,14,food_processing,food_organic,1300,2026-06-21,1277.0
1537,14,food_processing,food_organic,1300,2026-06-22,1329.4
1538,14,food_processing,food_organic,1300,2026-06-23,1088.6
1539,14,food_processing,food_organic,1300,2026-06-24,1179.0
1540,14,food_processing,food_organic,1300,2026-06-25,1237.0
1541,14,food_processing,food_organic,1300,2026-06-26,1219.1
1542,14,food_processing,food_organic,1300,2026-06-27,1186.3
1543,14,food_processing,food_organic,1300,2026-06-28,1174.7
1544,14,food_processing,food_organic,1300,2026-06-29,1143.6
1545,14,food_processing,food_organic,1300,2026-06-30,1142.7
1546,14,food_processing,food_organic,1300,2026-07-01,1036.9
1547,14,food_processing,food_organic,1300,2026-07-02,1210.4
1548,14,food_processing,food_organic,1300,2026-07-03,1269.6
1549,14,food_processing,food_organic,1300,2026-07-04,1236.9
1550,14,food_processing,food_organic,1300,2026-07-05,1397.6
1551,14,food_processing,food_organic,1300,2026-07-06,1327.5
1552,14,food_processing,food_organic,1300,2026-07-07,1304.1
1553,14,food_processing,food_organic,1300,2026-07-08,1374.9
1554,14,food_processing,food_organic,1300,2026-07-09,1394.5
1555,14,food_processing,food_organic,1300,2026-07-10,1339.8
1556,14,food_processing,food_organic,1300,2026-07-11,1291.8
1557,14,food_processing,food_organic,1300,2026-07-12,1630.8
1558,14,food_processing,food_organic,1300,2026-07-13,1460.9
1559,14,food_processing,food_organic,1300,2026-07-14,1366.6
1560,14,food_processing,food_organic,1300,2026-07-15,1363.4
1561,14,food_processing,food_organic,1300,2026-07-16,1201.8
1562,14,food_processing,food_organic,1300,2026-07-17,1436.1
1563,14,food_processing,food_organic,1300,2026-07-18,1420.5
1564,14,food_processing,food_organic,1300,2026-07-19,1282.6
1565,14,food_processing,food_organic,1300,2026-07-20,1410.2
1566,14,food_processing,food_organic,1300,2026-07-21,1242.8
1567,14,food_processing,food_organic,1300,2026-07-22,1209.7
1568,14,food_processing,food_organic,1300,2026-07-23,1248.7
1569,14,food_processing,food_organic,1300,2026-07-24,1323.8
1570,14,food_processing,food_organic,1300,2026-07-25,1241.6
1571,14,food_processing,food_organic,1300,2026-07-26,1126.8
1572,14,food_processing,food_organic,1300,2026-07-27,1284.3
1573,14,food_processing,food_organic,1300,2026-07-28,1319.7
1574,14,food_processing,food_organic,1300,2026-07-29,1151.5
1575,14,food_processing,food_organic,1300,2026-07-30,1153.2
1576,14,food_processing,food_organic,1300,2026-07-31,1220.3
1577,14,food_processing,food_organic,1300,2026-08-01,1475.1
1578,14,food_processing,food_organic,1300,2026-08-02,1225.5
1579,14,food_processing,food_organic,1300,2026-08-03,1346.5
1580,14,food_processing,food_organic,1300,2026-08-04,1207.3
1581,14,food_processing,food_organic,1300,2026-08-05,1251.3
1582,14,food_processing,food_organic,1300,2026-08-06,1395.9
1583,14,food_processing,food_organic,1300,2026-08-07,1260.2
1584,14,food_processing,food_organic,1300,2026-08-08,1419.5
1585,14,food_processing,food_organic,1300,2026-08-09,1284.9
1586,14,food_processing,food_organic,1300,2026-08-10,1288.1
1587,14,food_processing,food_organic,1300,2026-08-11,1440.8
1588,14,food_processing,food_organic,1300,2026-08-12,1502.9
1589,14,food_processing,food_organic,1300,2026-08-13,1411.5
1590,14,food_processing,food_organic,1300,2026-08-14,1329.9
1591,14,food_processing,food_organic,1300,2026-08-15,1255.5
1592,14,food_processing,food_organic,1300,2026-08-16,1355.3
1593,14,food_processing,food_organic,1300,2026-08-17,1422.3
1594,14,food_processing,food_organic,1300,2026-08-18,1323.7
1595,14,food_processing,food_organic,1300,2026-08-19,1308.6
1596,14,food_processing,food_organic,1300,2026-08-20,1320.9
1597,14,food_processing,food_organic,1300,2026-08-21,1293.4
1598,14,food_processing,food_organic,1300,2026-08-22,1318.1
1599,14,food_processing,food_organic,1300,2026-08-23,1421.7
1600,14,food_processing,food_organic,1300,2026-08-24,1317.2
1601,14,food_processing,food_organic,1300,2026-08-25,1415.0
1602,14,food_processing,food_organic,1300,2026-08-26,1397.9
1603,14,food_processing,food_organic,1300,2026-08-27,1190.8
1604,14,food_processing,food_organic,1300,2026-08-28,1274.8
1605,14,food_processing,food_organic,1300,2026-08-29,1179.9
1606,14,food_processing,food_organic,1300,2026-08-30,1283.8
1607,14,food_processing,food_organic,1300,2026-08-31,1185.3
1608,14,food_processing,food_organic,1300,2026-09-01,1241.1
1609,14,food_processing,food_organic,1300,2026-09-02,1307.9
1610,14,food_processing,food_organic,1300,2026-09-03,1442.9
1611,14,food_processing,food_organic,1300,2026-09-04,1348.9
1612,14,food_processing,food_organic,1300,2026-09-05,1194.7
1613,14,food_processing,food_organic,1300,2026-09-06,4329.3
1614,14,food_processing,food_organic,1300,2026-09-07,1507.9
1615,14,food_processing,food_organic,1300,2026-09-08,1398.8
1616,14,food_processing,food_organic,1300,2026-09-09,1546.3
1617,14,food_processing,food_organic,1300,2026-09-10,1384.0
1618,14,food_processing,food_organic,1300,2026-09-11,1313.4
1619,14,food_processing,food_organic,1300,2026-09-12,1367.9
1620,14,food_processing,food_organic,1300,2026-09-13,1496.3
1621,14,food_processing,food_organic,1300,2026-09-14,1402.8
1622,14,food_processing,food_organic,1300,2026-09-15,1254.7
1623,14,food_processing,food_organic,1300,2026-09-16,1395.6
1624,14,food_processing,food_organic,1300,2026-09-17,1317.4
1625,14,food_processing,food_organic,1300,2026-09-18,1279.5
1626,14,food_processing,food_organic,1300,2026-09-19,1219.1
1627,14,food_processing,food_organic,1300,2026-09-20,1222.7
1628,14,food_processing,food_organic,1300,2026-09-21,1235.9
1629,14,food_processing,food_organic,1300,2026-09-22,1078.6
1630,14,food_processing,food_organic,1300,2026-09-23,1402.2
1631,14,food_processing,food_organic,1300,2026-09-24,1282.2
1632,14,food_processing,food_organic,1300,2026-09-25,1139.2
1633,14,food_processing,food_organic,1300,2026-09-26,1383.6
1634,14,food_processing,food_organic,1300,2026-09-27,1225.3
1635,14,food_processing,food_organic,1300,2026-09-28,1361.5
1636,14,food_processing,food_organic,1300,2026-09-29,1357.1
1637,14,food_processing,food_organic,1300,2026-10-01,1380.7
1638,14,food_processing,food_organic,1300,2026-10-02,1194.8
1639,14,food_processing,food_organic,1300,2026-10-03,1329.4
1640,14,food_processing,food_organic,1300,2026-10-04,1125.2
1641,14,food_processing,food_organic,1300,2026-10-05,1329.0
1642,14,food_processing,food_organic,1300,2026-10-06,1398.4
1643,14,food_processing,food_organic,1300,2026-10-07,1396.2
1644,15,municipal,municipal_mixed,1600,2026-06-10,1878.3
1645,15,municipal,municipal_mixed,1600,2026-06-12,1430.5
1646,15,municipal,municipal_mixed,1600,2026-06-13,1592.1
1647,15,municipal,municipal_mixed,1600,2026-06-14,1569.1
1648,15,municipal,municipal_mixed,1600,2026-06-15,1495.7
1649,15,municipal,municipal_mixed,1600,2026-06-16,1553.8
1650,15,municipal,municipal_mixed,1600,2026-06-17,1728.7
1651,15,municipal,municipal_mixed,1600,2026-06-18,1629.3
1652,15,municipal,municipal_mixed,1600,2026-06-19,1619.2
1653,15,municipal,municipal_mixed,1600,2026-06-20,1554.3
1654,15,municipal,municipal_mixed,1600,2026-06-21,1496.7
1655,15,municipal,municipal_mixed,1600,2026-06-22,1427.0
1656,15,municipal,municipal_mixed,1600,2026-06-23,1683.8
1657,15,municipal,municipal_mixed,1600,2026-06-24,1526.0
1658,15,municipal,municipal_mixed,1600,2026-06-25,1535.2
1659,15,municipal,municipal_mixed,1600,2026-06-26,1577.1
1660,15,municipal,municipal_mixed,1600,2026-06-27,1466.5
1661,15,municipal,municipal_mixed,1600,2026-06-28,1404.4
1662,15,municipal,municipal_mixed,1600,2026-06-29,1665.6
1663,15,municipal,municipal_mixed,1600,2026-06-30,1488.2
1664,15,municipal,municipal_mixed,1600,2026-07-01,1317.7
1665,15,municipal,municipal_mixed,1600,2026-07-02,1525.8
1666,15,municipal,municipal_mixed,1600,2026-07-03,1532.3
1667,15,municipal,municipal_mixed,1600,2026-07-05,1522.2
1668,15,municipal,municipal_mixed,1600,2026-07-06,1724.9
1669,15,municipal,municipal_mixed,1600,2026-07-07,1468.1
1670,15,municipal,municipal_mixed,1600,2026-07-08,1749.9
1671,15,municipal,municipal_mixed,1600,2026-07-09,1768.0
1672,15,municipal,municipal_mixed,1600,2026-07-10,1777.9
1673,15,municipal,municipal_mixed,1600,2026-07-11,1533.4
1674,15,municipal,municipal_mixed,1600,2026-07-12,1573.6
1675,15,municipal,municipal_mixed,1600,2026-07-13,1663.4
1676,15,municipal,municipal_mixed,1600,2026-07-14,1789.9
1677,15,municipal,municipal_mixed,1600,2026-07-15,1720.9
1678,15,municipal,municipal_mixed,1600,2026-07-16,1839.5
1679,15,municipal,municipal_mixed,1600,2026-07-17,1606.1
1680,15,municipal,municipal_mixed,1600,2026-07-18,1776.6
1681,15,municipal,municipal_mixed,1600,2026-07-19,1617.6
1682,15,municipal,municipal_mixed,1600,2026-07-20,1657.9
1683,15,municipal,municipal_mixed,1600,2026-07-21,1559.5
1684,15,municipal,municipal_mixed,1600,2026-07-22,1568.8
1685,15,municipal,municipal_mixed,1600,2026-07-23,1563.7
1686,15,municipal,municipal_mixed,1600,2026-07-24,1394.5
1687,15,municipal,municipal_mixed,1600,2026-07-25,1634.9
1688,15,municipal,municipal_mixed,1600,2026-07-26,1544.1
1689,15,municipal,municipal_mixed,1600,2026-07-27,1518.4
1690,15,municipal,municipal_mixed,1600,2026-07-28,1430.2
1691,15,municipal,municipal_mixed,1600,2026-07-29,1398.7
1692,15,municipal,municipal_mixed,1600,2026-07-30,1686.9
1693,15,municipal,municipal_mixed,1600,2026-07-31,1648.5
1694,15,municipal,municipal_mixed,1600,2026-08-01,1457.5
1695,15,municipal,municipal_mixed,1600,2026-08-02,1484.8
1696,15,municipal,municipal_mixed,1600,2026-08-03,1351.0
1697,15,municipal,municipal_mixed,1600,2026-08-04,1510.2
1698,15,municipal,municipal_mixed,1600,2026-08-05,1457.6
1699,15,municipal,municipal_mixed,1600,2026-08-06,1422.8
1700,15,municipal,municipal_mixed,1600,2026-08-07,1563.1
1701,15,municipal,municipal_mixed,1600,2026-08-08,1668.9
1702,15,municipal,municipal_mixed,1600,2026-08-09,1864.4
1703,15,municipal,municipal_mixed,1600,2026-08-10,1611.4
1704,15,municipal,municipal_mixed,1600,2026-08-11,1401.7
1705,15,municipal,municipal_mixed,1600,2026-08-12,1814.9
1706,15,municipal,municipal_mixed,1600,2026-08-13,1696.3
1707,15,municipal,municipal_mixed,1600,2026-08-14,1775.4
1708,15,municipal,municipal_mixed,1600,2026-08-15,1603.3
1709,15,municipal,municipal_mixed,1600,2026-08-16,1731.0
1710,15,municipal,municipal_mixed,1600,2026-08-17,1626.3
1711,15,municipal,municipal_mixed,1600,2026-08-18,1408.4
1712,15,municipal,municipal_mixed,1600,2026-08-19,1606.9
1713,15,municipal,municipal_mixed,1600,2026-08-20,1415.1
1714,15,municipal,municipal_mixed,1600,2026-08-21,1477.8
1715,15,municipal,municipal_mixed,1600,2026-08-22,1664.4
1716,15,municipal,municipal_mixed,1600,2026-08-23,1518.3
1717,15,municipal,municipal_mixed,1600,2026-08-24,1534.5
1718,15,municipal,municipal_mixed,1600,2026-08-25,1449.2
1719,15,municipal,municipal_mixed,1600,2026-08-26,1376.0
1720,15,municipal,municipal_mixed,1600,2026-08-27,1462.9
1721,15,municipal,municipal_mixed,1600,2026-08-28,1494.4
1722,15,municipal,municipal_mixed,1600,2026-08-29,1487.4
1723,15,municipal,municipal_mixed,1600,2026-08-30,1500.5
1724,15,municipal,municipal_mixed,1600,2026-08-31,1348.5
1725,15,municipal,municipal_mixed,1600,2026-09-01,1467.3
1726,15,municipal,municipal_mixed,1600,2026-09-02,1482.3
1727,15,municipal,municipal_mixed,1600,2026-09-03,1505.6
1728,15,municipal,municipal_mixed,1600,2026-09-04,1449.0
1729,15,municipal,municipal_mixed,1600,2026-09-05,1628.8
1730,15,municipal,municipal_mixed,1600,2026-09-06,1569.9
1731,15,municipal,municipal_mixed,1600,2026-09-07,1552.0
1732,15,municipal,municipal_mixed,1600,2026-09-08,1463.8
1733,15,municipal,municipal_mixed,1600,2026-09-09,1530.8
1734,15,municipal,municipal_mixed,1600,2026-09-10,1536.6
1735,15,municipal,municipal_mixed,1600,2026-09-11,1493.2
1736,15,municipal,municipal_mixed,1600,2026-09-12,1687.7
1737,15,municipal,municipal_mixed,1600,2026-09-13,1627.5
1738,15,municipal,municipal_mixed,1600,2026-09-14,1683.0
1739,15,municipal,municipal_mixed,1600,2026-09-15,1675.6
1740,15,municipal,municipal_mixed,1600,2026-09-16,1592.6
1741,15,municipal,municipal_mixed,1600,2026-09-17,1663.4
1742,15,municipal,municipal_mixed,1600,2026-09-18,1560.1
1743,15,municipal,municipal_mixed,1600,2026-09-19,1580.3
1744,15,municipal,municipal_mixed,1600,2026-09-20,1788.7
1745,15,municipal,municipal_mixed,1600,2026-09-21,1486.0
1746,15,municipal,municipal_mixed,1600,2026-09-22,1590.4
1747,15,municipal,municipal_mixed,1600,2026-09-23,1565.3
1748,15,municipal,municipal_mixed,1600,2026-09-24,1483.8
1749,15,municipal,municipal_mixed,1600,2026-09-25,1527.4
1750,15,municipal,municipal_mixed,1600,2026-09-26,1528.2
1751,15,municipal,municipal_mixed,1600,2026-09-27,1328.9
1752,15,municipal,municipal_mixed,1600,2026-09-28,1401.2
1753,15,municipal,municipal_mixed,1600,2026-09-29,1545.6
1754,15,municipal,municipal_mixed,1600,2026-09-30,1387.3
1755,15,municipal,municipal_mixed,1600,2026-10-01,1403.7
1756,15,municipal,municipal_mixed,1600,2026-10-02,1527.5
1757,15,municipal,municipal_mixed,1600,2026-10-03,1533.2
1758,15,municipal,municipal_mixed,1600,2026-10-04,1430.6
1759,15,municipal,municipal_mixed,1600,2026-10-05,1495.1
1760,15,municipal,municipal_mixed,1600,2026-10-06,1725.0
1761,15,municipal,municipal_mixed,1600,2026-10-07,1698.3
1762,16,municipal,municipal_mixed,1400,2026-06-10,1408.0
1763,16,municipal,municipal_mixed,1400,2026-06-11,1551.8
1764,16,municipal,municipal_mixed,1400,2026-06-12,1528.5
1765,16,municipal,municipal_mixed,1400,2026-06-13,1586.4
1766,16,municipal,municipal_mixed,1400,2026-06-14,1454.2
1767,16,municipal,municipal_mixed,1400,2026-06-15,1542.2
1768,16,municipal,municipal_mixed,1400,2026-06-16,1388.6
1769,16,municipal,municipal_mixed,1400,2026-06-17,1643.6
1770,16,municipal,municipal_mixed,1400,2026-06-18,1328.8
1771,16,municipal,municipal_mixed,1400,2026-06-19,1489.4
1772,16,municipal,municipal_mixed,1400,2026-06-20,1328.6
1773,16,municipal,municipal_mixed,1400,2026-06-21,1412.3
1774,16,municipal,municipal_mixed,1400,2026-06-22,1444.5
1775,16,municipal,municipal_mixed,1400,2026-06-23,1706.6
1776,16,municipal,municipal_mixed,1400,2026-06-24,1399.8
1777,16,municipal,municipal_mixed,1400,2026-06-25,1450.7
1778,16,municipal,municipal_mixed,1400,2026-06-26,1275.6
1779,16,municipal,municipal_mixed,1400,2026-06-27,1300.2
1780,16,municipal,municipal_mixed,1400,2026-06-28,1288.8
1781,16,municipal,municipal_mixed,1400,2026-06-29,1215.6
1782,16,municipal,municipal_mixed,1400,2026-06-30,1511.6
1783,16,municipal,municipal_mixed,1400,2026-07-01,1306.7
1784,16,municipal,municipal_mixed,1400,2026-07-02,1271.6
1785,16,municipal,municipal_mixed,1400,2026-07-03,1459.4
1786,16,municipal,municipal_mixed,1400,2026-07-04,1498.8
1787,16,municipal,municipal_mixed,1400,2026-07-05,1303.9
1788,16,municipal,municipal_mixed,1400,2026-07-06,1466.9
1789,16,municipal,municipal_mixed,1400,2026-07-07,1399.4
1790,16,municipal,municipal_mixed,1400,2026-07-09,1528.5
1791,16,municipal,municipal_mixed,1400,2026-07-10,1553.3
1792,16,municipal,municipal_mixed,1400,2026-07-11,1531.8
1793,16,municipal,municipal_mixed,1400,2026-07-12,1509.8
1794,16,municipal,municipal_mixed,1400,2026-07-13,1567.7
1795,16,municipal,municipal_mixed,1400,2026-07-14,1520.0
1796,16,municipal,municipal_mixed,1400,2026-07-15,1506.6
1797,16,municipal,municipal_mixed,1400,2026-07-16,1563.7
1798,16,municipal,municipal_mixed,1400,2026-07-17,1511.9
1799,16,municipal,municipal_mixed,1400,2026-07-18,1609.0
1800,16,municipal,municipal_mixed,1400,2026-07-19,1348.2
1801,16,municipal,municipal_mixed,1400,2026-07-20,1457.5
1802,16,municipal,municipal_mixed,1400,2026-07-21,1421.9
1803,16,municipal,municipal_mixed,1400,2026-07-22,1180.9
1804,16,municipal,municipal_mixed,1400,2026-07-23,1214.7
1805,16,municipal,municipal_mixed,1400,2026-07-24,1305.7
1806,16,municipal,municipal_mixed,1400,2026-07-25,1455.0
1807,16,municipal,municipal_mixed,1400,2026-07-26,1475.6
1808,16,municipal,municipal_mixed,1400,2026-07-27,1288.3
1809,16,municipal,municipal_mixed,1400,2026-07-28,1277.3
1810,16,municipal,municipal_mixed,1400,2026-07-29,1310.3
1811,16,municipal,municipal_mixed,1400,2026-07-30,1318.3
1812,16,municipal,municipal_mixed,1400,2026-07-31,1364.7
1813,16,municipal,municipal_mixed,1400,2026-08-01,1383.9
1814,16,municipal,municipal_mixed,1400,2026-08-02,1345.2
1815,16,municipal,municipal_mixed,1400,2026-08-03,1367.2
1816,16,municipal,municipal_mixed,1400,2026-08-04,1384.5
1817,16,municipal,municipal_mixed,1400,2026-08-05,1559.4
1818,16,municipal,municipal_mixed,1400,2026-08-06,1413.8
1819,16,municipal,municipal_mixed,1400,2026-08-07,1513.5
1820,16,municipal,municipal_mixed,1400,2026-08-08,1381.3
1821,16,municipal,municipal_mixed,1400,2026-08-09,1689.4
1822,16,municipal,municipal_mixed,1400,2026-08-10,1521.3
1823,16,municipal,municipal_mixed,1400,2026-08-11,1413.5
1824,16,municipal,municipal_mixed,1400,2026-08-12,1636.0
1825,16,municipal,municipal_mixed,1400,2026-08-13,1580.1
1826,16,municipal,municipal_mixed,1400,2026-08-14,1560.4
1827,16,municipal,municipal_mixed,1400,2026-08-15,1501.4
1828,16,municipal,municipal_mixed,1400,2026-08-16,1483.6
1829,16,municipal,municipal_mixed,1400,2026-08-17,1355.8
1830,16,municipal,municipal_mixed,1400,2026-08-18,1585.3
1831,16,municipal,municipal_mixed,1400,2026-08-19,1584.6
1832,16,municipal,municipal_mixed,1400,2026-08-20,1495.9
1833,16,municipal,municipal_mixed,1400,2026-08-21,1345.8
1834,16,municipal,municipal_mixed,1400,2026-08-22,1549.7
1835,16,municipal,municipal_mixed,1400,2026-08-23,1331.7
1836,16,municipal,municipal_mixed,1400,2026-08-25,1422.8
1837,16,municipal,municipal_mixed,1400,2026-08-26,1278.4
1838,16,municipal,municipal_mixed,1400,2026-08-27,1341.5
1839,16,municipal,municipal_mixed,1400,2026-08-28,1361.0
1840,16,municipal,municipal_mixed,1400,2026-08-29,1356.3
1841,16,municipal,municipal_mixed,1400,2026-08-30,1503.3
1842,16,municipal,municipal_mixed,1400,2026-08-31,1318.1
1843,16,municipal,municipal_mixed,1400,2026-09-02,1465.8
1844,16,municipal,municipal_mixed,1400,2026-09-03,1516.2
1845,16,municipal,municipal_mixed,1400,2026-09-04,1519.4
1846,16,municipal,municipal_mixed,1400,2026-09-05,1587.2
1847,16,municipal,municipal_mixed,1400,2026-09-06,1581.4
1848,16,municipal,municipal_mixed,1400,2026-09-07,1448.7
1849,16,municipal,municipal_mixed,1400,2026-09-08,1451.8
1850,16,municipal,municipal_mixed,1400,2026-09-09,1653.0
1851,16,municipal,municipal_mixed,1400,2026-09-10,1505.6
1852,16,municipal,municipal_mixed,1400,2026-09-11,1479.5
1853,16,municipal,municipal_mixed,1400,2026-09-12,1505.7
1854,16,municipal,municipal_mixed,1400,2026-09-13,1763.6
1855,16,municipal,municipal_mixed,1400,2026-09-14,1592.2
1856,16,municipal,municipal_mixed,1400,2026-09-15,1660.6
1857,16,municipal,municipal_mixed,1400,2026-09-16,1560.5
1858,16,municipal,municipal_mixed,1400,2026-09-17,1487.4
1859,16,municipal,municipal_mixed,1400,2026-09-18,1612.4
1860,16,municipal,municipal_mixed,1400,2026-09-19,1500.6
1861,16,municipal,municipal_mixed,1400,2026-09-20,1487.9
1862,16,municipal,municipal_mixed,1400,2026-09-21,1142.3
1863,16,municipal,municipal_mixed,1400,2026-09-22,1619.6
1864,16,municipal,municipal_mixed,1400,2026-09-23,1310.6
1865,16,municipal,municipal_mixed,1400,2026-09-24,1296.2
1866,16,municipal,municipal_mixed,1400,2026-09-25,1390.0
1867,16,municipal,municipal_mixed,1400,2026-09-26,1613.1
1868,16,municipal,municipal_mixed,1400,2026-09-27,1401.3
1869,16,municipal,municipal_mixed,1400,2026-09-28,1314.0
1870,16,municipal,municipal_mixed,1400,2026-09-29,1365.5
1871,16,municipal,municipal_mixed,1400,2026-09-30,1449.9
1872,16,municipal,municipal_mixed,1400,2026-10-01,1645.1
1873,16,municipal,municipal_mixed,1400,2026-10-02,1504.7
1874,16,municipal,municipal_mixed,1400,2026-10-03,1455.1
1875,16,municipal,municipal_mixed,1400,2026-10-04,1344.1
1876,16,municipal,municipal_mixed,1400,2026-10-05,1561.8
1877,16,municipal,municipal_mixed,1400,2026-10-06,1651.1
1878,16,municipal,municipal_mixed,1400,2026-10-07,1165.9
1879,17,restaurant,food_organic,820,2026-06-10,838.2
1880,17,restaurant,food_organic,820,2026-06-11,783.6
1881,17,restaurant,food_organic,820,2026-06-12,874.4
1882,17,restaurant,food_organic,820,2026-06-13,1077.1
1883,17,restaurant,food_organic,820,2026-06-14,928.6
1884,17,restaurant,food_organic,820,2026-06-15,862.6
1885,17,restaurant,food_organic,820,2026-06-16,908.5
1886,17,restaurant,food_organic,820,2026-06-18,829.0
1887,17,restaurant,food_organic,820,2026-06-19,856.0
1888,17,restaurant,food_organic,820,2026-06-20,933.9
1889,17,restaurant,food_organic,820,2026-06-21,978.3
1890,17,restaurant,food_organic,820,2026-06-22,902.2
1891,17,restaurant,food_organic,820,2026-06-23,743.0
1892,17,restaurant,food_organic,820,2026-06-24,854.8
1893,17,restaurant,food_organic,820,2026-06-25,789.7
1894,17,restaurant,food_organic,820,2026-06-26,814.4
1895,17,restaurant,food_organic,820,2026-06-28,933.8
1896,17,restaurant,food_organic,820,2026-06-29,759.9
1897,17,restaurant,food_organic,820,2026-06-30,849.7
1898,17,restaurant,food_organic,820,2026-07-01,765.8
1899,17,restaurant,food_organic,820,2026-07-02,787.6
1900,17,restaurant,food_organic,820,2026-07-03,784.6
1901,17,restaurant,food_organic,820,2026-07-04,903.4
1902,17,restaurant,food_organic,820,2026-07-05,857.8
1903,17,restaurant,food_organic,820,2026-07-06,773.3
1904,17,restaurant,food_organic,820,2026-07-07,844.0
1905,17,restaurant,food_organic,820,2026-07-08,679.9
1906,17,restaurant,food_organic,820,2026-07-09,869.6
1907,17,restaurant,food_organic,820,2026-07-10,955.8
1908,17,restaurant,food_organic,820,2026-07-11,832.6
1909,17,restaurant,food_organic,820,2026-07-12,939.2
1910,17,restaurant,food_organic,820,2026-07-13,991.9
1911,17,restaurant,food_organic,820,2026-07-14,880.4
1912,17,restaurant,food_organic,820,2026-07-15,876.6
1913,17,restaurant,food_organic,820,2026-07-16,926.3
1914,17,restaurant,food_organic,820,2026-07-17,830.2
1915,17,restaurant,food_organic,820,2026-07-18,959.3
1916,17,restaurant,food_organic,820,2026-07-19,862.5
1917,17,restaurant,food_organic,820,2026-07-20,873.7
1918,17,restaurant,food_organic,820,2026-07-21,804.9
1919,17,restaurant,food_organic,820,2026-07-22,782.8
1920,17,restaurant,food_organic,820,2026-07-23,766.2
1921,17,restaurant,food_organic,820,2026-07-24,760.9
1922,17,restaurant,food_organic,820,2026-07-25,923.2
1923,17,restaurant,food_organic,820,2026-07-26,955.0
1924,17,restaurant,food_organic,820,2026-07-27,812.4
1925,17,restaurant,food_organic,820,2026-07-28,730.8
1926,17,restaurant,food_organic,820,2026-07-29,742.2
1927,17,restaurant,food_organic,820,2026-07-30,779.7
1928,17,restaurant,food_organic,820,2026-07-31,834.6
1929,17,restaurant,food_organic,820,2026-08-01,902.8
1930,17,restaurant,food_organic,820,2026-08-02,989.8
1931,17,restaurant,food_organic,820,2026-08-03,807.9
1932,17,restaurant,food_organic,820,2026-08-04,810.3
1933,17,restaurant,food_organic,820,2026-08-05,892.2
1934,17,restaurant,food_organic,820,2026-08-06,785.7
1935,17,restaurant,food_organic,820,2026-08-08,925.0
1936,17,restaurant,food_organic,820,2026-08-09,999.1
1937,17,restaurant,food_organic,820,2026-08-11,911.9
1938,17,restaurant,food_organic,820,2026-08-12,821.6
1939,17,restaurant,food_organic,820,2026-08-13,852.4
1940,17,restaurant,food_organic,820,2026-08-14,820.8
1941,17,restaurant,food_organic,820,2026-08-15,892.3
1942,17,restaurant,food_organic,820,2026-08-16,954.5
1943,17,restaurant,food_organic,820,2026-08-17,904.5
1944,17,restaurant,food_organic,820,2026-08-18,787.9
1945,17,restaurant,food_organic,820,2026-08-19,875.9
1946,17,restaurant,food_organic,820,2026-08-20,815.3
1947,17,restaurant,food_organic,820,2026-08-21,878.4
1948,17,restaurant,food_organic,820,2026-08-22,897.9
1949,17,restaurant,food_organic,820,2026-08-23,1010.0
1950,17,restaurant,food_organic,820,2026-08-24,767.2
1951,17,restaurant,food_organic,820,2026-08-25,783.7
1952,17,restaurant,food_organic,820,2026-08-26,774.9
1953,17,restaurant,food_organic,820,2026-08-27,757.5
1954,17,restaurant,food_organic,820,2026-08-28,710.7
1955,17,restaurant,food_organic,820,2026-08-29,895.7
1956,17,restaurant,food_organic,820,2026-08-30,804.5
1957,17,restaurant,food_organic,820,2026-08-31,835.1
1958,17,restaurant,food_organic,820,2026-09-01,769.0
1959,17,restaurant,food_organic,820,2026-09-02,842.4
1960,17,restaurant,food_organic,820,2026-09-03,825.1
1961,17,restaurant,food_organic,820,2026-09-04,862.9
1962,17,restaurant,food_organic,820,2026-09-05,1008.8
1963,17,restaurant,food_organic,820,2026-09-06,1157.7
1964,17,restaurant,food_organic,820,2026-09-08,792.5
1965,17,restaurant,food_organic,820,2026-09-10,925.3
1966,17,restaurant,food_organic,820,2026-09-11,793.6
1967,17,restaurant,food_organic,820,2026-09-12,1012.5
1968,17,restaurant,food_organic,820,2026-09-13,981.7
1969,17,restaurant,food_organic,820,2026-09-14,889.6
1970,17,restaurant,food_organic,820,2026-09-16,925.4
1971,17,restaurant,food_organic,820,2026-09-17,802.7
1972,17,restaurant,food_organic,820,2026-09-18,841.4
1973,17,restaurant,food_organic,820,2026-09-19,945.5
1974,17,restaurant,food_organic,820,2026-09-20,919.4
1975,17,restaurant,food_organic,820,2026-09-21,837.1
1976,17,restaurant,food_organic,820,2026-09-22,758.7
1977,17,restaurant,food_organic,820,2026-09-23,730.5
1978,17,restaurant,food_organic,820,2026-09-24,707.0
1979,17,restaurant,food_organic,820,2026-09-25,786.3
1980,17,restaurant,food_organic,820,2026-09-26,951.7
1981,17,restaurant,food_organic,820,2026-09-27,868.4
1982,17,restaurant,food_organic,820,2026-09-28,789.9
1983,17,restaurant,food_organic,820,2026-09-29,850.0
1984,17,restaurant,food_organic,820,2026-09-30,762.4
1985,17,restaurant,food_organic,820,2026-10-01,899.2
1986,17,restaurant,food_organic,820,2026-10-02,830.0
1987,17,restaurant,food_organic,820,2026-10-03,945.4
1988,17,restaurant,food_organic,820,2026-10-04,1082.3
1989,17,restaurant,food_organic,820,2026-10-05,920.4
1990,17,restaurant,food_organic,820,2026-10-06,872.4
1991,17,restaurant,food_organic,820,2026-10-07,915.3
1992,18,hotel,mixed_organic,560,2026-06-10,600.1
1993,18,hotel,mixed_organic,560,2026-06-11,595.7
1994,18,hotel,mixed_organic,560,2026-06-12,539.3
1995,18,hotel,mixed_organic,560,2026-06-13,657.3
1996,18,hotel,mixed_organic,560,2026-06-14,737.8
1997,18,hotel,mixed_organic,560,2026-06-15,601.2
1998,18,hotel,mixed_organic,560,2026-06-16,647.0
1999,18,hotel,mixed_organic,560,2026-06-17,568.0
2000,18,hotel,mixed_organic,560,2026-06-18,504.2
2001,18,hotel,mixed_organic,560,2026-06-19,516.2
2002,18,hotel,mixed_organic,560,2026-06-20,610.8
2003,18,hotel,mixed_organic,560,2026-06-21,615.0
2004,18,hotel,mixed_organic,560,2026-06-22,486.9
2005,18,hotel,mixed_organic,560,2026-06-23,537.5
2006,18,hotel,mixed_organic,560,2026-06-24,569.2
2007,18,hotel,mixed_organic,560,2026-06-25,544.8
2008,18,hotel,mixed_organic,560,2026-06-26,504.8
2009,18,hotel,mixed_organic,560,2026-06-27,606.4
2010,18,hotel,mixed_organic,560,2026-06-28,661.3
2011,18,hotel,mixed_organic,560,2026-06-29,498.1
2012,18,hotel,mixed_organic,560,2026-06-30,598.0
2013,18,hotel,mixed_organic,560,2026-07-01,540.8
2014,18,hotel,mixed_organic,560,2026-07-02,495.3
2015,18,hotel,mixed_organic,560,2026-07-03,544.4
2016,18,hotel,mixed_organic,560,2026-07-04,637.8
2017,18,hotel,mixed_organic,560,2026-07-05,667.2
2018,18,hotel,mixed_organic,560,2026-07-06,560.3
2019,18,hotel,mixed_organic,560,2026-07-07,606.2
2020,18,hotel,mixed_organic,560,2026-07-08,592.9
2021,18,hotel,mixed_organic,560,2026-07-09,582.2
2022,18,hotel,mixed_organic,560,2026-07-10,581.0
2023,18,hotel,mixed_organic,560,2026-07-11,743.6
2024,18,hotel,mixed_organic,560,2026-07-12,749.8
2025,18,hotel,mixed_organic,560,2026-07-13,599.0
2026,18,hotel,mixed_organic,560,2026-07-14,623.9
2027,18,hotel,mixed_organic,560,2026-07-15,520.5
2028,18,hotel,mixed_organic,560,2026-07-16,583.4
2029,18,hotel,mixed_organic,560,2026-07-17,557.2
2030,18,hotel,mixed_organic,560,2026-07-18,673.2
2031,18,hotel,mixed_organic,560,2026-07-19,678.1
2032,18,hotel,mixed_organic,560,2026-07-20,611.1
2033,18,hotel,mixed_organic,560,2026-07-21,513.5
2034,18,hotel,mixed_organic,560,2026-07-22,554.1
2035,18,hotel,mixed_organic,560,2026-07-23,553.6
2036,18,hotel,mixed_organic,560,2026-07-24,517.3
2037,18,hotel,mixed_organic,560,2026-07-25,621.4
2038,18,hotel,mixed_organic,560,2026-07-26,607.0
2039,18,hotel,mixed_organic,560,2026-07-27,515.2
2040,18,hotel,mixed_organic,560,2026-07-28,476.0
2041,18,hotel,mixed_organic,560,2026-07-29,524.2
2042,18,hotel,mixed_organic,560,2026-07-30,565.2
2043,18,hotel,mixed_organic,560,2026-07-31,570.2
2044,18,hotel,mixed_organic,560,2026-08-01,504.6
2045,18,hotel,mixed_organic,560,2026-08-02,683.8
2046,18,hotel,mixed_organic,560,2026-08-03,529.6
2047,18,hotel,mixed_organic,560,2026-08-04,512.1
2048,18,hotel,mixed_organic,560,2026-08-05,515.9
2049,18,hotel,mixed_organic,560,2026-08-06,514.2
2050,18,hotel,mixed_organic,560,2026-08-07,537.8
2051,18,hotel,mixed_organic,560,2026-08-08,623.0
2052,18,hotel,mixed_organic,560,2026-08-09,654.3
2053,18,hotel,mixed_organic,560,2026-08-10,592.4
2054,18,hotel,mixed_organic,560,2026-08-11,492.0
2055,18,hotel,mixed_organic,560,2026-08-12,595.8
2056,18,hotel,mixed_organic,560,2026-08-13,597.8
2057,18,hotel,mixed_organic,560,2026-08-14,553.5
2058,18,hotel,mixed_organic,560,2026-08-15,663.2
2059,18,hotel,mixed_organic,560,2026-08-16,536.9
2060,18,hotel,mixed_organic,560,2026-08-17,504.7
2061,18,hotel,mixed_organic,560,2026-08-18,581.4
2062,18,hotel,mixed_organic,560,2026-08-19,513.0
2063,18,hotel,mixed_organic,560,2026-08-20,558.0
2064,18,hotel,mixed_organic,560,2026-08-21,523.9
2065,18,hotel,mixed_organic,560,2026-08-22,628.1
2066,18,hotel,mixed_organic,560,2026-08-23,618.0
2067,18,hotel,mixed_organic,560,2026-08-24,534.7
2068,18,hotel,mixed_organic,560,2026-08-25,490.7
2069,18,hotel,mixed_organic,560,2026-08-26,527.7
2070,18,hotel,mixed_organic,560,2026-08-27,477.9
2071,18,hotel,mixed_organic,560,2026-08-28,510.6
2072,18,hotel,mixed_organic,560,2026-08-29,609.8
2073,18,hotel,mixed_organic,560,2026-08-30,605.8
2074,18,hotel,mixed_organic,560,2026-08-31,567.0
2075,18,hotel,mixed_organic,560,2026-09-01,532.1
2076,18,hotel,mixed_organic,560,2026-09-03,470.9
2077,18,hotel,mixed_organic,560,2026-09-04,462.8
2078,18,hotel,mixed_organic,560,2026-09-05,722.0
2079,18,hotel,mixed_organic,560,2026-09-06,811.4
2080,18,hotel,mixed_organic,560,2026-09-07,571.6
2081,18,hotel,mixed_organic,560,2026-09-08,533.1
2082,18,hotel,mixed_organic,560,2026-09-10,593.3
2083,18,hotel,mixed_organic,560,2026-09-11,548.8
2084,18,hotel,mixed_organic,560,2026-09-12,727.4
2085,18,hotel,mixed_organic,560,2026-09-13,674.5
2086,18,hotel,mixed_organic,560,2026-09-14,605.7
2087,18,hotel,mixed_organic,560,2026-09-15,555.8
2088,18,hotel,mixed_organic,560,2026-09-16,585.7
2089,18,hotel,mixed_organic,560,2026-09-17,535.8
2090,18,hotel,mixed_organic,560,2026-09-18,506.9
2091,18,hotel,mixed_organic,560,2026-09-19,646.3
2092,18,hotel,mixed_organic,560,2026-09-20,630.3
2093,18,hotel,mixed_organic,560,2026-09-21,564.8
2094,18,hotel,mixed_organic,560,2026-09-22,483.6
2095,18,hotel,mixed_organic,560,2026-09-23,531.4
2096,18,hotel,mixed_organic,560,2026-09-24,505.1
2097,18,hotel,mixed_organic,560,2026-09-25,492.4
2098,18,hotel,mixed_organic,560,2026-09-26,569.1
2099,18,hotel,mixed_organic,560,2026-09-27,601.6
2100,18,hotel,mixed_organic,560,2026-09-28,512.4
2101,18,hotel,mixed_organic,560,2026-09-29,523.2
2102,18,hotel,mixed_organic,560,2026-09-30,479.7
2103,18,hotel,mixed_organic,560,2026-10-01,568.8
2104,18,hotel,mixed_organic,560,2026-10-02,562.0
2105,18,hotel,mixed_organic,560,2026-10-03,640.8
2106,18,hotel,mixed_organic,560,2026-10-04,659.1
2107,18,hotel,mixed_organic,560,2026-10-05,528.4
2108,18,hotel,mixed_organic,560,2026-10-06,573.2
2109,18,hotel,mixed_organic,560,2026-10-07,564.4
2110,19,manufacturing,packaging_mixed,750,2026-06-10,775.5
2111,19,manufacturing,packaging_mixed,750,2026-06-11,821.0
2112,19,manufacturing,packaging_mixed,750,2026-06-12,749.8
2113,19,manufacturing,packaging_mixed,750,2026-06-13,459.9
2114,19,manufacturing,packaging_mixed,750,2026-06-14,441.2
2115,19,manufacturing,packaging_mixed,750,2026-06-15,776.9
2116,19,manufacturing,packaging_mixed,750,2026-06-16,804.6
2117,19,manufacturing,packaging_mixed,750,2026-06-17,773.3
2118,19,manufacturing,packaging_mixed,750,2026-06-18,804.9
2119,19,manufacturing,packaging_mixed,750,2026-06-19,751.7
2120,19,manufacturing,packaging_mixed,750,2026-06-20,456.4
2121,19,manufacturing,packaging_mixed,750,2026-06-21,403.7
2122,19,manufacturing,packaging_mixed,750,2026-06-22,752.1
2123,19,manufacturing,packaging_mixed,750,2026-06-23,693.2
2124,19,manufacturing,packaging_mixed,750,2026-06-24,676.5
2125,19,manufacturing,packaging_mixed,750,2026-06-25,723.8
2126,19,manufacturing,packaging_mixed,750,2026-06-26,647.2
2127,19,manufacturing,packaging_mixed,750,2026-06-27,400.1
2128,19,manufacturing,packaging_mixed,750,2026-06-28,425.9
2129,19,manufacturing,packaging_mixed,750,2026-06-29,826.5
2130,19,manufacturing,packaging_mixed,750,2026-06-30,731.8
2131,19,manufacturing,packaging_mixed,750,2026-07-01,715.7
2132,19,manufacturing,packaging_mixed,750,2026-07-02,690.0
2133,19,manufacturing,packaging_mixed,750,2026-07-03,776.3
2134,19,manufacturing,packaging_mixed,750,2026-07-04,371.7
2135,19,manufacturing,packaging_mixed,750,2026-07-05,427.1
2136,19,manufacturing,packaging_mixed,750,2026-07-06,750.8
2137,19,manufacturing,packaging_mixed,750,2026-07-07,696.6
2138,19,manufacturing,packaging_mixed,750,2026-07-08,790.3
2139,19,manufacturing,packaging_mixed,750,2026-07-09,736.4
2140,19,manufacturing,packaging_mixed,750,2026-07-10,857.9
2141,19,manufacturing,packaging_mixed,750,2026-07-11,429.8
2142,19,manufacturing,packaging_mixed,750,2026-07-12,449.6
2143,19,manufacturing,packaging_mixed,750,2026-07-13,817.9
2144,19,manufacturing,packaging_mixed,750,2026-07-14,743.9
2145,19,manufacturing,packaging_mixed,750,2026-07-15,793.5
2146,19,manufacturing,packaging_mixed,750,2026-07-16,847.7
2147,19,manufacturing,packaging_mixed,750,2026-07-17,693.1
2148,19,manufacturing,packaging_mixed,750,2026-07-18,411.4
2149,19,manufacturing,packaging_mixed,750,2026-07-19,451.1
2150,19,manufacturing,packaging_mixed,750,2026-07-20,711.6
2151,19,manufacturing,packaging_mixed,750,2026-07-21,703.8
2152,19,manufacturing,packaging_mixed,750,2026-07-22,745.5
2153,19,manufacturing,packaging_mixed,750,2026-07-23,675.4
2154,19,manufacturing,packaging_mixed,750,2026-07-24,758.3
2155,19,manufacturing,packaging_mixed,750,2026-07-25,414.8
2156,19,manufacturing,packaging_mixed,750,2026-07-26,433.6
2157,19,manufacturing,packaging_mixed,750,2026-07-27,694.1
2158,19,manufacturing,packaging_mixed,750,2026-07-28,699.3
2159,19,manufacturing,packaging_mixed,750,2026-07-29,642.3
2160,19,manufacturing,packaging_mixed,750,2026-07-30,730.1
2161,19,manufacturing,packaging_mixed,750,2026-08-01,394.0
2162,19,manufacturing,packaging_mixed,750,2026-08-02,363.4
2163,19,manufacturing,packaging_mixed,750,2026-08-03,785.4
2164,19,manufacturing,packaging_mixed,750,2026-08-04,719.3
2165,19,manufacturing,packaging_mixed,750,2026-08-05,830.7
2166,19,manufacturing,packaging_mixed,750,2026-08-06,774.0
2167,19,manufacturing,packaging_mixed,750,2026-08-07,688.7
2168,19,manufacturing,packaging_mixed,750,2026-08-08,398.6
2169,19,manufacturing,packaging_mixed,750,2026-08-09,459.2
2170,19,manufacturing,packaging_mixed,750,2026-08-10,775.1
2171,19,manufacturing,packaging_mixed,750,2026-08-11,787.1
2172,19,manufacturing,packaging_mixed,750,2026-08-12,785.8
2173,19,manufacturing,packaging_mixed,750,2026-08-13,785.8
2174,19,manufacturing,packaging_mixed,750,2026-08-14,779.9
2175,19,manufacturing,packaging_mixed,750,2026-08-15,412.3
2176,19,manufacturing,packaging_mixed,750,2026-08-16,429.8
2177,19,manufacturing,packaging_mixed,750,2026-08-17,846.2
2178,19,manufacturing,packaging_mixed,750,2026-08-18,764.4
2179,19,manufacturing,packaging_mixed,750,2026-08-19,704.4
2180,19,manufacturing,packaging_mixed,750,2026-08-20,869.5
2181,19,manufacturing,packaging_mixed,750,2026-08-21,744.4
2182,19,manufacturing,packaging_mixed,750,2026-08-22,371.9
2183,19,manufacturing,packaging_mixed,750,2026-08-23,404.4
2184,19,manufacturing,packaging_mixed,750,2026-08-24,793.9
2185,19,manufacturing,packaging_mixed,750,2026-08-25,759.9
2186,19,manufacturing,packaging_mixed,750,2026-08-26,652.5
2187,19,manufacturing,packaging_mixed,750,2026-08-27,734.1
2188,19,manufacturing,packaging_mixed,750,2026-08-28,684.1
2189,19,manufacturing,packaging_mixed,750,2026-08-29,369.3
2190,19,manufacturing,packaging_mixed,750,2026-08-30,442.2
2191,19,manufacturing,packaging_mixed,750,2026-08-31,737.4
2192,19,manufacturing,packaging_mixed,750,2026-09-01,833.5
2193,19,manufacturing,packaging_mixed,750,2026-09-02,701.8
2194,19,manufacturing,packaging_mixed,750,2026-09-03,736.2
2195,19,manufacturing,packaging_mixed,750,2026-09-04,722.7
2196,19,manufacturing,packaging_mixed,750,2026-09-05,432.3
2197,19,manufacturing,packaging_mixed,750,2026-09-06,432.8
2198,19,manufacturing,packaging_mixed,750,2026-09-07,769.1
2199,19,manufacturing,packaging_mixed,750,2026-09-08,848.6
2200,19,manufacturing,packaging_mixed,750,2026-09-09,780.4
2201,19,manufacturing,packaging_mixed,750,2026-09-10,885.2
2202,19,manufacturing,packaging_mixed,750,2026-09-11,811.8
2203,19,manufacturing,packaging_mixed,750,2026-09-12,401.5
2204,19,manufacturing,packaging_mixed,750,2026-09-13,452.9
2205,19,manufacturing,packaging_mixed,750,2026-09-14,835.5
2206,19,manufacturing,packaging_mixed,750,2026-09-15,779.2
2207,19,manufacturing,packaging_mixed,750,2026-09-16,828.4
2208,19,manufacturing,packaging_mixed,750,2026-09-17,770.9
2209,19,manufacturing,packaging_mixed,750,2026-09-18,811.2
2210,19,manufacturing,packaging_mixed,750,2026-09-19,409.4
2211,19,manufacturing,packaging_mixed,750,2026-09-20,383.5
2212,19,manufacturing,packaging_mixed,750,2026-09-21,756.9
2213,19,manufacturing,packaging_mixed,750,2026-09-22,813.9
2214,19,manufacturing,packaging_mixed,750,2026-09-23,723.9
2215,19,manufacturing,packaging_mixed,750,2026-09-24,737.5
2216,19,manufacturing,packaging_mixed,750,2026-09-25,724.9
2217,19,manufacturing,packaging_mixed,750,2026-09-26,388.0
2218,19,manufacturing,packaging_mixed,750,2026-09-27,388.7
2219,19,manufacturing,packaging_mixed,750,2026-09-28,707.8
2220,19,manufacturing,packaging_mixed,750,2026-09-30,690.3
2221,19,manufacturing,packaging_mixed,750,2026-10-01,722.2
2222,19,manufacturing,packaging_mixed,750,2026-10-02,664.0
2223,19,manufacturing,packaging_mixed,750,2026-10-03,368.8
2224,19,manufacturing,packaging_mixed,750,2026-10-04,425.8
2225,19,manufacturing,packaging_mixed,750,2026-10-05,821.2
2226,19,manufacturing,packaging_mixed,750,2026-10-06,721.8
2227,19,manufacturing,packaging_mixed,750,2026-10-07,848.7
2228,20,agriculture,agricultural,1200,2026-06-10,1201.2
2229,20,agriculture,agricultural,1200,2026-06-11,1333.9
2230,20,agriculture,agricultural,1200,2026-06-12,1288.0
2231,20,agriculture,agricultural,1200,2026-06-13,1266.3
2232,20,agriculture,agricultural,1200,2026-06-14,1254.0
2233,20,agriculture,agricultural,1200,2026-06-15,1243.1
2234,20,agriculture,agricultural,1200,2026-06-16,1254.4
2235,20,agriculture,agricultural,1200,2026-06-17,1173.4
2236,20,agriculture,agricultural,1200,2026-06-18,1256.0
2237,20,agriculture,agricultural,1200,2026-06-19,1167.5
2238,20,agriculture,agricultural,1200,2026-06-20,1266.3
2239,20,agriculture,agricultural,1200,2026-06-21,1208.6
2240,20,agriculture,agricultural,1200,2026-06-22,1177.5
2241,20,agriculture,agricultural,1200,2026-06-23,1272.7
2242,20,agriculture,agricultural,1200,2026-06-24,1089.9
2243,20,agriculture,agricultural,1200,2026-06-25,1203.9
2244,20,agriculture,agricultural,1200,2026-06-26,1097.2
2245,20,agriculture,agricultural,1200,2026-06-27,1151.2
2246,20,agriculture,agricultural,1200,2026-06-28,1051.4
2247,20,agriculture,agricultural,1200,2026-06-29,1072.7
2248,20,agriculture,agricultural,1200,2026-06-30,1205.0
2249,20,agriculture,agricultural,1200,2026-07-01,1077.3
2250,20,agriculture,agricultural,1200,2026-07-02,1135.6
2251,20,agriculture,agricultural,1200,2026-07-03,1207.9
2252,20,agriculture,agricultural,1200,2026-07-04,1128.2
2253,20,agriculture,agricultural,1200,2026-07-05,1331.9
2254,20,agriculture,agricultural,1200,2026-07-06,1151.8
2255,20,agriculture,agricultural,1200,2026-07-07,1074.5
2256,20,agriculture,agricultural,1200,2026-07-08,1203.2
2257,20,agriculture,agricultural,1200,2026-07-09,1091.0
2258,20,agriculture,agricultural,1200,2026-07-10,1310.2
2259,20,agriculture,agricultural,1200,2026-07-11,1131.6
2260,20,agriculture,agricultural,1200,2026-07-12,1348.9
2261,20,agriculture,agricultural,1200,2026-07-13,1330.9
2262,20,agriculture,agricultural,1200,2026-07-14,1273.7
2263,20,agriculture,agricultural,1200,2026-07-16,1333.5
2264,20,agriculture,agricultural,1200,2026-07-17,1163.0
2265,20,agriculture,agricultural,1200,2026-07-18,1114.0
2266,20,agriculture,agricultural,1200,2026-07-20,1298.1
2267,20,agriculture,agricultural,1200,2026-07-21,1278.1
2268,20,agriculture,agricultural,1200,2026-07-22,1282.9
2269,20,agriculture,agricultural,1200,2026-07-24,1162.6
2270,20,agriculture,agricultural,1200,2026-07-25,1256.1
2271,20,agriculture,agricultural,1200,2026-07-26,1099.3
2272,20,agriculture,agricultural,1200,2026-07-27,1237.8
2273,20,agriculture,agricultural,1200,2026-07-28,1178.9
2274,20,agriculture,agricultural,1200,2026-07-29,1182.7
2275,20,agriculture,agricultural,1200,2026-07-30,1161.1
2276,20,agriculture,agricultural,1200,2026-07-31,1310.8
2277,20,agriculture,agricultural,1200,2026-08-01,1173.9
2278,20,agriculture,agricultural,1200,2026-08-02,1076.1
2279,20,agriculture,agricultural,1200,2026-08-03,1317.6
2280,20,agriculture,agricultural,1200,2026-08-04,1273.7
2281,20,agriculture,agricultural,1200,2026-08-05,1123.3
2282,20,agriculture,agricultural,1200,2026-08-06,1191.7
2283,20,agriculture,agricultural,1200,2026-08-07,1244.6
2284,20,agriculture,agricultural,1200,2026-08-08,1224.4
2285,20,agriculture,agricultural,1200,2026-08-09,1084.5
2286,20,agriculture,agricultural,1200,2026-08-10,1278.2
2287,20,agriculture,agricultural,1200,2026-08-11,1369.8
2288,20,agriculture,agricultural,1200,2026-08-12,1391.0
2289,20,agriculture,agricultural,1200,2026-08-13,1242.9
2290,20,agriculture,agricultural,1200,2026-08-14,1289.7
2291,20,agriculture,agricultural,1200,2026-08-15,1318.1
2292,20,agriculture,agricultural,1200,2026-08-16,1204.9
2293,20,agriculture,agricultural,1200,2026-08-17,1185.9
2294,20,agriculture,agricultural,1200,2026-08-18,1218.0
2295,20,agriculture,agricultural,1200,2026-08-19,1181.4
2296,20,agriculture,agricultural,1200,2026-08-20,1123.5
2297,20,agriculture,agricultural,1200,2026-08-21,1245.5
2298,20,agriculture,agricultural,1200,2026-08-22,1323.1
2299,20,agriculture,agricultural,1200,2026-08-23,1154.9
2300,20,agriculture,agricultural,1200,2026-08-24,1254.7
2301,20,agriculture,agricultural,1200,2026-08-25,1177.8
2302,20,agriculture,agricultural,1200,2026-08-26,1083.6
2303,20,agriculture,agricultural,1200,2026-08-27,1123.2
2304,20,agriculture,agricultural,1200,2026-08-28,1160.3
2305,20,agriculture,agricultural,1200,2026-08-30,1212.5
2306,20,agriculture,agricultural,1200,2026-08-31,1111.2
2307,20,agriculture,agricultural,1200,2026-09-01,1042.4
2308,20,agriculture,agricultural,1200,2026-09-03,1238.7
2309,20,agriculture,agricultural,1200,2026-09-04,1182.3
2310,20,agriculture,agricultural,1200,2026-09-05,1408.7
2311,20,agriculture,agricultural,1200,2026-09-06,1355.6
2312,20,agriculture,agricultural,1200,2026-09-07,1155.2
2313,20,agriculture,agricultural,1200,2026-09-08,1288.4
2314,20,agriculture,agricultural,1200,2026-09-09,1393.7
2315,20,agriculture,agricultural,1200,2026-09-10,1427.1
2316,20,agriculture,agricultural,1200,2026-09-11,1237.9
2317,20,agriculture,agricultural,1200,2026-09-12,1289.4
2318,20,agriculture,agricultural,1200,2026-09-13,1372.0
2319,20,agriculture,agricultural,1200,2026-09-14,1126.8
2320,20,agriculture,agricultural,1200,2026-09-15,1361.1
2321,20,agriculture,agricultural,1200,2026-09-16,1226.4
2322,20,agriculture,agricultural,1200,2026-09-17,1249.4
2323,20,agriculture,agricultural,1200,2026-09-18,1351.5
2324,20,agriculture,agricultural,1200,2026-09-19,1230.9
2325,20,agriculture,agricultural,1200,2026-09-20,1141.0
2326,20,agriculture,agricultural,1200,2026-09-21,1149.9
2327,20,agriculture,agricultural,1200,2026-09-22,1082.5
2328,20,agriculture,agricultural,1200,2026-09-23,1124.1
2329,20,agriculture,agricultural,1200,2026-09-24,1050.3
2330,20,agriculture,agricultural,1200,2026-09-25,1092.7
2331,20,agriculture,agricultural,1200,2026-09-26,1165.0
2332,20,agriculture,agricultural,1200,2026-09-28,1161.2
2333,20,agriculture,agricultural,1200,2026-09-29,1207.0
2334,20,agriculture,agricultural,1200,2026-09-30,1133.9
2335,20,agriculture,agricultural,1200,2026-10-01,1166.3
2336,20,agriculture,agricultural,1200,2026-10-02,1106.6
2337,20,agriculture,agricultural,1200,2026-10-03,3845.2
2338,20,agriculture,agricultural,1200,2026-10-04,1329.6
2339,20,agriculture,agricultural,1200,2026-10-05,1259.0
2340,20,agriculture,agricultural,1200,2026-10-06,1359.9
2341,20,agriculture,agricultural,1200,2026-10-07,1342.5
